"","participant_id","age","sex","education_level","background_SES","social.ideology","social.ideology.scale","social.identity","social.identity.scale","political.interest","political.interest.scale"
"1","sub-0001",22,"female","medium",2,1,-1.17542691205401,2,-1.01142350762028,NA,NA
"2","sub-0002",21.75,"female","medium",5.5,2,0.497679833195258,3,-0.24066282671439,NA,NA
"3","sub-0003",25.25,"female","high",3,1,-1.17542691205401,2,-1.01142350762028,NA,NA
"4","sub-0004",22.5,"female","high",5,2,0.497679833195258,3,-0.24066282671439,NA,NA
"5","sub-0005",22.25,"male","high",4.5,1.25,-0.757150225741696,3,-0.24066282671439,NA,NA
"6","sub-0006",24.75,"female","medium",2.5,1.5,-0.338873539429378,2,-1.01142350762028,NA,NA
"7","sub-0007",20.25,"male","medium",4,1.75,0.0794031468829401,5,1.30085853509739,NA,NA
"8","sub-0008",20.5,"female","medium",2,1,-1.17542691205401,2,-1.01142350762028,NA,NA
"9","sub-0009",26,"male","high",2,1.75,0.0794031468829401,3,-0.24066282671439,NA,NA
"10","sub-0010",22,"male","medium",2,2,0.497679833195258,2,-1.01142350762028,NA,NA
"11","sub-0011",25.25,"male","medium",3,1.75,0.0794031468829401,3,-0.24066282671439,NA,NA
"12","sub-0012",20.75,"male","high",4.5,1,-1.17542691205401,2,-1.01142350762028,NA,NA
"13","sub-0013",23.5,"male","medium",2,3.5,3.00733995106917,3,-0.24066282671439,NA,NA
"14","sub-0014",21.5,"male","high",4,1,-1.17542691205401,3,-0.24066282671439,NA,NA
"15","sub-0015",22,"male","high",3.5,1.25,-0.757150225741696,4,0.530097854191498,NA,NA
"16","sub-0016",20.5,"male","medium",3.5,1,-1.17542691205401,4,0.530097854191498,NA,NA
"17","sub-0017",24,"male","medium",4,1.25,-0.757150225741696,2,-1.01142350762028,NA,NA
"18","sub-0018",20.5,"male","high",6,2.5,1.33423320581989,3,-0.24066282671439,NA,NA
"19","sub-0019",22.5,"female","high",4.5,1.75,0.0794031468829401,4,0.530097854191498,NA,NA
"20","sub-0020",20.25,"female","medium",2,1.75,0.0794031468829401,3,-0.24066282671439,NA,NA
"21","sub-0021",22.75,"male","high",5,1,-1.17542691205401,3,-0.24066282671439,NA,NA
"22","sub-0022",23.5,"female","high",3,1,-1.17542691205401,3,-0.24066282671439,NA,NA
"23","sub-0023",24.75,"female","high",4.5,1.75,0.0794031468829401,3,-0.24066282671439,NA,NA
"24","sub-0024",23.75,"male","high",3.5,1,-1.17542691205401,6,2.07161921600328,NA,NA
"25","sub-0025",23,"female","high",3.5,1,-1.17542691205401,7,2.84237989690916,NA,NA
"26","sub-0026",20.75,"female","medium",4.5,1.25,-0.757150225741696,3,-0.24066282671439,NA,NA
"27","sub-0027",23.25,"male","high",5,1.75,0.0794031468829401,2,-1.01142350762028,NA,NA
"28","sub-0028",24,"female","high",5,2,0.497679833195258,2,-1.01142350762028,NA,NA
"29","sub-0029",25.75,"male","high",5,1.5,-0.338873539429378,3,-0.24066282671439,NA,NA
"30","sub-0030",22.75,"male","high",4,1.25,-0.757150225741696,4,0.530097854191498,NA,NA
"31","sub-0031",24.75,"female","high",4.5,2,0.497679833195258,4,0.530097854191498,NA,NA
"32","sub-0032",23,"female","high",4.5,1.5,-0.338873539429378,2,-1.01142350762028,NA,NA
"33","sub-0033",25.75,"female","medium",4,1.75,0.0794031468829401,3,-0.24066282671439,NA,NA
"34","sub-0034",23.75,"male","medium",3.5,2,0.497679833195258,3,-0.24066282671439,NA,NA
"35","sub-0035",21.25,"female","high",4.5,1.5,-0.338873539429378,2,-1.01142350762028,NA,NA
"36","sub-0037",24.25,"female","medium",2.5,1.5,-0.338873539429378,1,-1.78218418852617,NA,NA
"37","sub-0038",20,"male","medium",3,1,-1.17542691205401,1,-1.78218418852617,NA,NA
"38","sub-0039",22.25,"male","medium",4,1.5,-0.338873539429378,3,-0.24066282671439,NA,NA
"39","sub-0040",25,"female","medium",2.5,1.25,-0.757150225741696,3,-0.24066282671439,NA,NA
"40","sub-0041",24.75,"male","low",4.5,1.25,-0.757150225741696,5,1.30085853509739,NA,NA
"41","sub-0042",23.75,"male","medium",2,2.25,0.915956519507576,2,-1.01142350762028,NA,NA
"42","sub-0043",25.25,"female","high",5,1.25,-0.757150225741696,4,0.530097854191498,NA,NA
"43","sub-0044",22.5,"female","high",5,1.25,-0.757150225741696,1,-1.78218418852617,NA,NA
"44","sub-0045",20,"male","medium",3.5,1,-1.17542691205401,2,-1.01142350762028,NA,NA
"45","sub-0046",20.25,"male","medium",3.5,1,-1.17542691205401,2,-1.01142350762028,NA,NA
"46","sub-0047",21.75,"female","medium",4.5,1.25,-0.757150225741696,5,1.30085853509739,NA,NA
"47","sub-0048",21,"male","high",6,1.75,0.0794031468829401,3,-0.24066282671439,NA,NA
"48","sub-0049",23.75,"female","high",5,1,-1.17542691205401,1,-1.78218418852617,NA,NA
"49","sub-0050",22.5,"female","high",5,2,0.497679833195258,5,1.30085853509739,NA,NA
"50","sub-0051",23.25,"female","high",5,1.75,0.0794031468829401,2,-1.01142350762028,NA,NA
"51","sub-0052",22.5,"female","high",6,1.5,-0.338873539429378,3,-0.24066282671439,NA,NA
"52","sub-0053",21.25,"male","high",3.5,1.25,-0.757150225741696,5,1.30085853509739,NA,NA
"53","sub-0054",21.5,"male","medium",4.5,1.5,-0.338873539429378,2,-1.01142350762028,NA,NA
"54","sub-0055",22.25,"male","medium",2.5,1.75,0.0794031468829401,3,-0.24066282671439,NA,NA
"55","sub-0056",20,"male","medium",2,1.5,-0.338873539429378,5,1.30085853509739,NA,NA
"56","sub-0057",24.75,"male","medium",5,1,-1.17542691205401,1,-1.78218418852617,NA,NA
"57","sub-0058",24.5,"male","medium",4,1.5,-0.338873539429378,2,-1.01142350762028,NA,NA
"58","sub-0059",24.25,"male","low",3.5,1.25,-0.757150225741696,3,-0.24066282671439,NA,NA
"59","sub-0060",24.25,"male","high",3,1.5,-0.338873539429378,3,-0.24066282671439,NA,NA
"60","sub-0061",25.75,"female","medium",3,1.75,0.0794031468829401,3,-0.24066282671439,NA,NA
"61","sub-0062",20.25,"female","high",2,1.5,-0.338873539429378,1,-1.78218418852617,NA,NA
"62","sub-0063",23.25,"male","medium",3,1,-1.17542691205401,1,-1.78218418852617,NA,NA
"63","sub-0064",22.5,"female","medium",4.5,2,0.497679833195258,5,1.30085853509739,NA,NA
"64","sub-0065",20.5,"female","low",2,1,-1.17542691205401,2,-1.01142350762028,NA,NA
"65","sub-0066",23.25,"male","high",6,2,0.497679833195258,4,0.530097854191498,NA,NA
"66","sub-0067",21,"female","high",5,2.25,0.915956519507576,3,-0.24066282671439,NA,NA
"67","sub-0068",20.5,"male","medium",3.5,1.75,0.0794031468829401,3,-0.24066282671439,NA,NA
"68","sub-0069",23.5,"female","high",2,1,-1.17542691205401,4,0.530097854191498,NA,NA
"69","sub-0070",23.75,"female","medium",3,1.75,0.0794031468829401,4,0.530097854191498,NA,NA
"70","sub-0071",21,"male","high",6,2,0.497679833195258,1,-1.78218418852617,NA,NA
"71","sub-0072",21.25,"female","medium",5,1.25,-0.757150225741696,1,-1.78218418852617,NA,NA
"72","sub-0073",20.75,"male","low",3,1.25,-0.757150225741696,4,0.530097854191498,NA,NA
"73","sub-0074",24.75,"female","high",5,1.5,-0.338873539429378,4,0.530097854191498,NA,NA
"74","sub-0075",23.5,"male","high",2,2.5,1.33423320581989,4,0.530097854191498,NA,NA
"75","sub-0076",25.75,"male","medium",4,3,2.17078657844453,4,0.530097854191498,NA,NA
"76","sub-0077",25.25,"male","medium",3.5,1.75,0.0794031468829401,3,-0.24066282671439,NA,NA
"77","sub-0079",24.75,"female","medium",3,1.5,-0.338873539429378,4,0.530097854191498,NA,NA
"78","sub-0080",20.5,"female","high",3.5,1.5,-0.338873539429378,6,2.07161921600328,NA,NA
"79","sub-0081",21,"female","low",3.5,3,2.17078657844453,3,-0.24066282671439,NA,NA
"80","sub-0082",25.5,"male","high",6,1.75,0.0794031468829401,3,-0.24066282671439,NA,NA
"81","sub-0083",24.5,"male","high",5,3.75,3.42561663738148,5,1.30085853509739,NA,NA
"82","sub-0084",20.25,"female","medium",3,1.75,0.0794031468829401,3,-0.24066282671439,NA,NA
"83","sub-0085",22,"male","high",3,2.25,0.915956519507576,2,-1.01142350762028,NA,NA
"84","sub-0086",22.25,"female","medium",3.5,3.5,3.00733995106917,4,0.530097854191498,NA,NA
"85","sub-0087",22.25,"male","high",5,1,-1.17542691205401,2,-1.01142350762028,NA,NA
"86","sub-0088",24.5,"female","medium",2,1,-1.17542691205401,4,0.530097854191498,NA,NA
"87","sub-0089",24.5,"female","medium",2,1.5,-0.338873539429378,4,0.530097854191498,NA,NA
"88","sub-0090",22.5,"male","high",5,1.25,-0.757150225741696,4,0.530097854191498,NA,NA
"89","sub-0091",20.5,"female","medium",4.5,1.25,-0.757150225741696,2,-1.01142350762028,NA,NA
"90","sub-0092",22.75,"female","high",6,2.5,1.33423320581989,2,-1.01142350762028,NA,NA
"91","sub-0093",21.5,"female","high",6,2.5,1.33423320581989,3,-0.24066282671439,NA,NA
"92","sub-0094",22,"female","medium",6,1.5,-0.338873539429378,2,-1.01142350762028,NA,NA
"93","sub-0095",20.75,"female","medium",4,1.25,-0.757150225741696,1,-1.78218418852617,NA,NA
"94","sub-0096",20.25,"male","medium",3.5,1.5,-0.338873539429378,4,0.530097854191498,NA,NA
"95","sub-0097",22.75,"female","high",4,1.25,-0.757150225741696,5,1.30085853509739,NA,NA
"96","sub-0098",21.75,"male","low",3,1,-1.17542691205401,1,-1.78218418852617,NA,NA
"97","sub-0099",23,"female","medium",4.5,1.75,0.0794031468829401,3,-0.24066282671439,NA,NA
"98","sub-0100",25.75,"male","high",4,1.5,-0.338873539429378,4,0.530097854191498,NA,NA
"99","sub-0101",22,"female","high",5,1.25,-0.757150225741696,5,1.30085853509739,NA,NA
"100","sub-0102",25.25,"male","high",6,1.25,-0.757150225741696,4,0.530097854191498,NA,NA
"101","sub-0103",25,"female","high",5,1,-1.17542691205401,3,-0.24066282671439,NA,NA
"102","sub-0105",22.5,"male","high",2,1.5,-0.338873539429378,4,0.530097854191498,NA,NA
"103","sub-0106",23,"male","high",3,1.75,0.0794031468829401,4,0.530097854191498,NA,NA
"104","sub-0107",25.25,"female","low",2,1.5,-0.338873539429378,4,0.530097854191498,NA,NA
"105","sub-0108",23.25,"female","low",5,1.25,-0.757150225741696,2,-1.01142350762028,NA,NA
"106","sub-0109",21.25,"male","medium",3.5,1.5,-0.338873539429378,3,-0.24066282671439,NA,NA
"107","sub-0110",21.75,"female","high",6,2,0.497679833195258,4,0.530097854191498,NA,NA
"108","sub-0111",21.75,"male","low",6,1,-1.17542691205401,4,0.530097854191498,NA,NA
"109","sub-0112",24.5,"male","high",3,1.5,-0.338873539429378,3,-0.24066282671439,NA,NA
"110","sub-0113",23.5,"male","low",2,3,2.17078657844453,4,0.530097854191498,NA,NA
"111","sub-0114",23.75,"male","high",5,4.25,4.26217001000612,4,0.530097854191498,NA,NA
"112","sub-0115",24.25,"male","high",3.5,1.25,-0.757150225741696,2,-1.01142350762028,NA,NA
"113","sub-0117",20.25,"female","high",5,2.5,1.33423320581989,4,0.530097854191498,NA,NA
"114","sub-0118",23.25,"female","medium",5,1.5,-0.338873539429378,2,-1.01142350762028,NA,NA
"115","sub-0119",24,"male","medium",4,1.5,-0.338873539429378,4,0.530097854191498,NA,NA
"116","sub-0120",25.5,"male","high",5,1.5,-0.338873539429378,3,-0.24066282671439,NA,NA
"117","sub-0121",22.75,"female","medium",3.5,1.5,-0.338873539429378,4,0.530097854191498,NA,NA
"118","sub-0122",24.75,"male","medium",4,1.25,-0.757150225741696,1,-1.78218418852617,NA,NA
"119","sub-0123",21.25,"female","medium",5,2,0.497679833195258,1,-1.78218418852617,NA,NA
"120","sub-0124",21.25,"female","high",4,2.25,0.915956519507576,5,1.30085853509739,NA,NA
"121","sub-0125",24.75,"male","medium",5,2,0.497679833195258,4,0.530097854191498,NA,NA
"122","sub-0126",20.5,"female","low",6,2.25,0.915956519507576,4,0.530097854191498,NA,NA
"123","sub-0127",25.25,"female","medium",2,1.5,-0.338873539429378,3,-0.24066282671439,NA,NA
"124","sub-0128",21,"male","high",4,2.5,1.33423320581989,4,0.530097854191498,NA,NA
"125","sub-0129",22,"male","medium",3.5,1,-1.17542691205401,3,-0.24066282671439,NA,NA
"126","sub-0130",21.75,"female","medium",5,1,-1.17542691205401,3,-0.24066282671439,NA,NA
"127","sub-0131",21,"female","medium",4,1.25,-0.757150225741696,3,-0.24066282671439,NA,NA
"128","sub-0132",23.75,"male","high",4,1.25,-0.757150225741696,2,-1.01142350762028,NA,NA
"129","sub-0133",23.25,"female","medium",2,1.5,-0.338873539429378,4,0.530097854191498,NA,NA
"130","sub-0134",24.25,"female","high",4.5,1.25,-0.757150225741696,4,0.530097854191498,NA,NA
"131","sub-0135",23.5,"male","high",4,3,2.17078657844453,4,0.530097854191498,NA,NA
"132","sub-0136",20,"female","high",5.5,1.75,0.0794031468829401,4,0.530097854191498,NA,NA
"133","sub-0137",22,"female","high",6,2.5,1.33423320581989,4,0.530097854191498,NA,NA
"134","sub-0138",22.25,"female","medium",2,1.25,-0.757150225741696,4,0.530097854191498,NA,NA
"135","sub-0139",20,"male","medium",5,1,-1.17542691205401,3,-0.24066282671439,NA,NA
"136","sub-0140",23,"male","medium",2,1.25,-0.757150225741696,3,-0.24066282671439,NA,NA
"137","sub-0141",24,"female","medium",4,2,0.497679833195258,5,1.30085853509739,NA,NA
"138","sub-0142",22.25,"female","medium",2.5,1.5,-0.338873539429378,7,2.84237989690916,NA,NA
"139","sub-0143",21.75,"female","medium",3.5,1.75,0.0794031468829401,2,-1.01142350762028,NA,NA
"140","sub-0144",21.25,"female","high",5,2.75,1.75250989213221,6,2.07161921600328,NA,NA
"141","sub-0145",20.25,"female","medium",3,1.5,-0.338873539429378,3,-0.24066282671439,NA,NA
"142","sub-0146",25,"male","high",4,1,-1.17542691205401,3,-0.24066282671439,NA,NA
"143","sub-0147",25.75,"male","medium",2,1.25,-0.757150225741696,4,0.530097854191498,NA,NA
"144","sub-0148",23.75,"male","high",6,2,0.497679833195258,5,1.30085853509739,NA,NA
"145","sub-0149",25.25,"male","medium",2,1.25,-0.757150225741696,2,-1.01142350762028,NA,NA
"146","sub-0150",22.25,"female","high",6,3,2.17078657844453,4,0.530097854191498,NA,NA
"147","sub-0151",22,"male","medium",2.5,2.25,0.915956519507576,3,-0.24066282671439,NA,NA
"148","sub-0152",23.75,"female","high",3,1,-1.17542691205401,6,2.07161921600328,NA,NA
"149","sub-0153",24.25,"male","high",6,1.5,-0.338873539429378,3,-0.24066282671439,NA,NA
"150","sub-0154",21,"female","medium",4,1,-1.17542691205401,3,-0.24066282671439,NA,NA
"151","sub-0155",25.25,"female","medium",2,1.5,-0.338873539429378,3,-0.24066282671439,NA,NA
"152","sub-0156",25.25,"female","high",3.5,1,-1.17542691205401,3,-0.24066282671439,NA,NA
"153","sub-0157",22.75,"male","high",5.5,2.25,0.915956519507576,4,0.530097854191498,NA,NA
"154","sub-0158",23.5,"male","medium",4.5,1.25,-0.757150225741696,4,0.530097854191498,NA,NA
"155","sub-0159",20.25,"male","medium",6,1,-1.17542691205401,4,0.530097854191498,NA,NA
"156","sub-0160",23.25,"female","low",3,1.5,-0.338873539429378,4,0.530097854191498,NA,NA
"157","sub-0161",23.5,"male","medium",5,2.25,0.915956519507576,2,-1.01142350762028,NA,NA
"158","sub-0162",23.5,"female","medium",3,1.25,-0.757150225741696,3,-0.24066282671439,NA,NA
"159","sub-0163",23.5,"male","medium",3.5,1.5,-0.338873539429378,3,-0.24066282671439,NA,NA
"160","sub-0164",22.5,"female","high",3,1.75,0.0794031468829401,4,0.530097854191498,NA,NA
"161","sub-0165",25.25,"female","medium",3,1.75,0.0794031468829401,4,0.530097854191498,NA,NA
"162","sub-0166",24.75,"female","high",2,1.75,0.0794031468829401,3,-0.24066282671439,NA,NA
"163","sub-0167",21.5,"female","high",2,2,0.497679833195258,7,2.84237989690916,NA,NA
"164","sub-0168",23.75,"female","low",2,2,0.497679833195258,5,1.30085853509739,NA,NA
"165","sub-0169",23.5,"female","medium",2,1.5,-0.338873539429378,4,0.530097854191498,NA,NA
"166","sub-0170",25.25,"female","medium",3.5,1.75,0.0794031468829401,3,-0.24066282671439,NA,NA
"167","sub-0171",24,"male","high",6,1.25,-0.757150225741696,3,-0.24066282671439,NA,NA
"168","sub-0173",22.75,"female","high",3,3.75,3.42561663738148,7,2.84237989690916,NA,NA
"169","sub-0174",24.25,"female","high",4.5,3,2.17078657844453,2,-1.01142350762028,NA,NA
"170","sub-0175",22,"male","medium",2.5,2.25,0.915956519507576,6,2.07161921600328,NA,NA
"171","sub-0176",23.75,"female","high",4.5,1,-1.17542691205401,1,-1.78218418852617,NA,NA
"172","sub-0177",24.75,"female","medium",4,1.5,-0.338873539429378,3,-0.24066282671439,NA,NA
"173","sub-0178",23.25,"male","low",4,1.75,0.0794031468829401,2,-1.01142350762028,NA,NA
"174","sub-0179",20.5,"male","medium",2,1.75,0.0794031468829401,2,-1.01142350762028,NA,NA
"175","sub-0180",25.5,"male","low",2.5,1.75,0.0794031468829401,4,0.530097854191498,NA,NA
"176","sub-0181",25,"female","high",3.5,1.75,0.0794031468829401,3,-0.24066282671439,NA,NA
"177","sub-0182",25.5,"female","high",6,1.25,-0.757150225741696,3,-0.24066282671439,NA,NA
"178","sub-0184",22.5,"female","high",5,1.75,0.0794031468829401,4,0.530097854191498,NA,NA
"179","sub-0185",20.5,"female","high",5,2.25,0.915956519507576,5,1.30085853509739,NA,NA
"180","sub-0186",21.25,"male","high",5.5,1.5,-0.338873539429378,2,-1.01142350762028,NA,NA
"181","sub-0187",21.25,"female","medium",3,2,0.497679833195258,3,-0.24066282671439,NA,NA
"182","sub-0188",24,"male","high",5,1.5,-0.338873539429378,3,-0.24066282671439,NA,NA
"183","sub-0189",23,"female","high",5,1.5,-0.338873539429378,4,0.530097854191498,NA,NA
"184","sub-0191",24.75,"female","high",5,1.75,0.0794031468829401,4,0.530097854191498,NA,NA
"185","sub-0192",20.25,"female","medium",4,1.5,-0.338873539429378,3,-0.24066282671439,NA,NA
"186","sub-0193",22,"male","high",6,2.5,1.33423320581989,5,1.30085853509739,NA,NA
"187","sub-0194",24.5,"male","medium",3,1.5,-0.338873539429378,6,2.07161921600328,NA,NA
"188","sub-0195",23.75,"male","low",6,1.5,-0.338873539429378,4,0.530097854191498,NA,NA
"189","sub-0196",21.75,"male","high",4.5,1.25,-0.757150225741696,4,0.530097854191498,NA,NA
"190","sub-0197",24,"male","medium",4.5,1.5,-0.338873539429378,4,0.530097854191498,NA,NA
"191","sub-0198",22.25,"male","medium",3,1.75,0.0794031468829401,4,0.530097854191498,NA,NA
"192","sub-0199",21.75,"male","medium",4,2.75,1.75250989213221,7,2.84237989690916,NA,NA
"193","sub-0200",20.75,"male","medium",4,2.75,1.75250989213221,3,-0.24066282671439,NA,NA
"194","sub-0201",24.5,"male","low",4.5,1,-1.17542691205401,4,0.530097854191498,NA,NA
"195","sub-0202",22.5,"male","high",6,1.75,0.0794031468829401,4,0.530097854191498,NA,NA
"196","sub-0204",21.5,"female","medium",3,1.75,0.0794031468829401,4,0.530097854191498,NA,NA
"197","sub-0205",23.75,"female","high",3.5,1.5,-0.338873539429378,6,2.07161921600328,NA,NA
"198","sub-0206",20.25,"male","medium",4,1.5,-0.338873539429378,4,0.530097854191498,NA,NA
"199","sub-0208",22.25,"male","high",5.5,2.5,1.33423320581989,2,-1.01142350762028,NA,NA
"200","sub-0209",26,"female","low",3.5,1,-1.17542691205401,3,-0.24066282671439,NA,NA
"201","sub-0210",21.5,"male","high",6,1.75,0.0794031468829401,4,0.530097854191498,NA,NA
"202","sub-0211",20,"female","high",5,3,2.17078657844453,4,0.530097854191498,NA,NA
"203","sub-0212",20.75,"male","medium",4,1.5,-0.338873539429378,1,-1.78218418852617,NA,NA
"204","sub-0213",22,"female","medium",3,1.5,-0.338873539429378,4,0.530097854191498,NA,NA
"205","sub-0214",21.5,"female","high",6,2,0.497679833195258,1,-1.78218418852617,NA,NA
"206","sub-0215",20,"female","high",2,1.25,-0.757150225741696,1,-1.78218418852617,NA,NA
"207","sub-0216",22.25,"female","medium",4.5,1.75,0.0794031468829401,1,-1.78218418852617,NA,NA
"208","sub-0217",25.25,"female","high",5,1.5,-0.338873539429378,4,0.530097854191498,NA,NA
"209","sub-0218",21,"female","low",4.5,2.25,0.915956519507576,6,2.07161921600328,NA,NA
"210","sub-0219",21.25,"female","high",6,1.5,-0.338873539429378,4,0.530097854191498,NA,NA
"211","sub-0220",24.75,"female","high",3.5,1.5,-0.338873539429378,4,0.530097854191498,NA,NA
"212","sub-0221",21.25,"female","medium",4.5,1.75,0.0794031468829401,2,-1.01142350762028,NA,NA
"213","sub-0222",22.25,"male","medium",4.5,2.5,1.33423320581989,3,-0.24066282671439,NA,NA
"214","sub-0223",24.25,"female","high",6,1.5,-0.338873539429378,2,-1.01142350762028,NA,NA
"215","sub-0224",25.5,"male","medium",3.5,1.25,-0.757150225741696,3,-0.24066282671439,NA,NA
"216","sub-0225",20.25,"male","medium",3,2.5,1.33423320581989,3,-0.24066282671439,NA,NA
"217","sub-0226",23.5,"female","medium",5,1.25,-0.757150225741696,5,1.30085853509739,NA,NA
"218","sub-0227",25.75,"male","low",2.5,2.25,0.915956519507576,4,0.530097854191498,NA,NA
"219","sub-0228",24,"male","high",4,1,-1.17542691205401,3,-0.24066282671439,NA,NA
"220","sub-0229",25.25,"male","high",5,1.5,-0.338873539429378,4,0.530097854191498,NA,NA
"221","sub-0230",21.25,"female","high",4,1.75,0.0794031468829401,4,0.530097854191498,NA,NA
"222","sub-0231",20.75,"male","medium",4.5,1.25,-0.757150225741696,3,-0.24066282671439,NA,NA
"223","sub-0232",25.5,"female","high",6,2.5,1.33423320581989,3,-0.24066282671439,NA,NA
"224","sub-0233",25,"male","low",5,2,0.497679833195258,4,0.530097854191498,NA,NA
"225","sub-0234",21.5,"male","medium",6,2,0.497679833195258,4,0.530097854191498,NA,NA
"226","sub-0235",22.25,"male","medium",4,1.75,0.0794031468829401,2,-1.01142350762028,NA,NA
"227","sub-0236",20.25,"female","medium",3,1.5,-0.338873539429378,1,-1.78218418852617,NA,NA
"228","sub-0237",23,"female","high",6,1.5,-0.338873539429378,2,-1.01142350762028,NA,NA
"229","sub-0238",24.25,"male","medium",3.5,2.25,0.915956519507576,1,-1.78218418852617,NA,NA
"230","sub-0239",23,"male","medium",6,2.25,0.915956519507576,3,-0.24066282671439,NA,NA
"231","sub-0240",25,"male","medium",2,1.75,0.0794031468829401,4,0.530097854191498,NA,NA
"232","sub-0241",20.5,"female","high",3,2,0.497679833195258,2,-1.01142350762028,NA,NA
"233","sub-0242",24,"male","high",5,1,-1.17542691205401,2,-1.01142350762028,NA,NA
"234","sub-0243",23,"female","medium",2.5,1.75,0.0794031468829401,4,0.530097854191498,NA,NA
"235","sub-0244",21.5,"male","medium",6,1.25,-0.757150225741696,3,-0.24066282671439,NA,NA
"236","sub-0245",22,"male","medium",4,3,2.17078657844453,3,-0.24066282671439,NA,NA
"237","sub-0246",22.5,"male","medium",5,1.75,0.0794031468829401,3,-0.24066282671439,NA,NA
"238","sub-0247",23.25,"male","low",2,1.75,0.0794031468829401,4,0.530097854191498,NA,NA
"239","sub-0248",20.75,"male","high",4.5,1.25,-0.757150225741696,2,-1.01142350762028,NA,NA
"240","sub-0249",22.5,"female","high",4,1,-1.17542691205401,4,0.530097854191498,NA,NA
"241","sub-0250",21,"male","medium",5,1.25,-0.757150225741696,4,0.530097854191498,NA,NA
"242","sub-0252",25,"male","medium",3,2.5,1.33423320581989,4,0.530097854191498,NA,NA
"243","sub-0253",24.5,"male","high",6,2,0.497679833195258,7,2.84237989690916,NA,NA
"244","sub-0254",20.5,"female","medium",2.5,1.5,-0.338873539429378,3,-0.24066282671439,NA,NA
"245","sub-0255",23.25,"female","high",3,1.75,0.0794031468829401,5,1.30085853509739,NA,NA
"246","sub-0256",23.25,"male","low",3,2.75,1.75250989213221,7,2.84237989690916,NA,NA
"247","sub-0257",23.75,"female","high",3,1,-1.17542691205401,4,0.530097854191498,NA,NA
"248","sub-0258",21.5,"male","medium",2.5,4.75,5.09872338263076,4,0.530097854191498,NA,NA
"249","sub-0259",23.5,"female","medium",2.5,1.75,0.0794031468829401,1,-1.78218418852617,NA,NA
"250","sub-0260",21.5,"female","medium",3,1.75,0.0794031468829401,4,0.530097854191498,NA,NA
"251","sub-0261",21,"male","medium",4,2.25,0.915956519507576,2,-1.01142350762028,NA,NA
"252","sub-0262",20.75,"female","high",4,2,0.497679833195258,3,-0.24066282671439,NA,NA
"253","sub-0263",21,"female","high",6,1,-1.17542691205401,2,-1.01142350762028,NA,NA
"254","sub-0264",24,"female","medium",3.5,1.75,0.0794031468829401,4,0.530097854191498,NA,NA
"255","sub-0265",24.5,"male","medium",5,2,0.497679833195258,4,0.530097854191498,NA,NA
"256","sub-0266",24.25,"female","high",5,1,-1.17542691205401,1,-1.78218418852617,NA,NA
"257","sub-0267",21.25,"female","high",2,1.75,0.0794031468829401,2,-1.01142350762028,NA,NA
"258","sub-0268",23.5,"male","high",4.5,2.25,0.915956519507576,4,0.530097854191498,NA,NA
"259","sub-0269",25.75,"female","high",5,1.5,-0.338873539429378,2,-1.01142350762028,NA,NA
"260","sub-0270",25,"male","high",5,1.25,-0.757150225741696,3,-0.24066282671439,NA,NA
"261","sub-0271",24.25,"male","medium",3.5,1.25,-0.757150225741696,1,-1.78218418852617,NA,NA
"262","sub-0272",22.75,"female","low",4,1,-1.17542691205401,3,-0.24066282671439,NA,NA
"263","sub-0273",23.25,"female","high",4.5,1.5,-0.338873539429378,4,0.530097854191498,NA,NA
"264","sub-0274",25.5,"male","high",5.5,2,0.497679833195258,3,-0.24066282671439,NA,NA
"265","sub-0275",25.5,"male","high",5.5,1.75,0.0794031468829401,3,-0.24066282671439,NA,NA
"266","sub-0276",23.5,"male","medium",5,1.25,-0.757150225741696,2,-1.01142350762028,NA,NA
"267","sub-0277",20.75,"male","medium",3,1.25,-0.757150225741696,4,0.530097854191498,NA,NA
"268","sub-0278",24.75,"female","medium",4.5,2,0.497679833195258,5,1.30085853509739,NA,NA
"269","sub-0279",24.25,"female","medium",2,1.75,0.0794031468829401,3,-0.24066282671439,NA,NA
"270","sub-0280",23.75,"male","high",5,1,-1.17542691205401,3,-0.24066282671439,NA,NA
"271","sub-0281",26,"male","medium",5,1.25,-0.757150225741696,3,-0.24066282671439,NA,NA
"272","sub-0282",20,"male","low",4,1.25,-0.757150225741696,6,2.07161921600328,NA,NA
"273","sub-0283",23.25,"female","medium",3.5,2.5,1.33423320581989,3,-0.24066282671439,NA,NA
"274","sub-0284",26,"female","high",4.5,1,-1.17542691205401,5,1.30085853509739,NA,NA
"275","sub-0285",25.5,"female","medium",2,1.75,0.0794031468829401,1,-1.78218418852617,NA,NA
"276","sub-0286",22,"female","medium",2,1.25,-0.757150225741696,2,-1.01142350762028,NA,NA
"277","sub-0287",23.25,"female","medium",4,1,-1.17542691205401,4,0.530097854191498,NA,NA
"278","sub-0288",20.5,"female","high",6,1,-1.17542691205401,1,-1.78218418852617,NA,NA
"279","sub-0289",20.5,"male","high",4.5,1.25,-0.757150225741696,3,-0.24066282671439,NA,NA
"280","sub-0290",24.75,"female","high",5,2,0.497679833195258,3,-0.24066282671439,NA,NA
"281","sub-0291",24.25,"female","medium",2.5,2,0.497679833195258,3,-0.24066282671439,NA,NA
"282","sub-0292",21.5,"female","medium",2,1.5,-0.338873539429378,3,-0.24066282671439,NA,NA
"283","sub-0294",21.25,"male","medium",3.5,2,0.497679833195258,4,0.530097854191498,NA,NA
"284","sub-0295",22,"female","high",5,2.25,0.915956519507576,2,-1.01142350762028,NA,NA
"285","sub-0296",23.5,"female","high",5.5,1.25,-0.757150225741696,1,-1.78218418852617,NA,NA
"286","sub-0297",20,"female","medium",2.5,1.75,0.0794031468829401,2,-1.01142350762028,NA,NA
"287","sub-0298",22.75,"female","medium",3.5,1.75,0.0794031468829401,4,0.530097854191498,NA,NA
"288","sub-0299",23,"male","high",5,1.25,-0.757150225741696,3,-0.24066282671439,NA,NA
"289","sub-0300",23.5,"male","medium",3,1,-1.17542691205401,7,2.84237989690916,NA,NA
"290","sub-0301",22,"female","medium",3.5,1.25,-0.757150225741696,4,0.530097854191498,NA,NA
"291","sub-0302",23.75,"female","medium",3,1,-1.17542691205401,3,-0.24066282671439,NA,NA
"292","sub-0303",24.5,"male","low",2.5,1.25,-0.757150225741696,2,-1.01142350762028,NA,NA
"293","sub-0304",22.25,"female","medium",4,1.75,0.0794031468829401,2,-1.01142350762028,NA,NA
"294","sub-0305",21,"male","high",5,2,0.497679833195258,6,2.07161921600328,NA,NA
"295","sub-0306",22,"male","high",4,1.25,-0.757150225741696,4,0.530097854191498,NA,NA
"296","sub-0308",20.25,"female","medium",3.5,1,-1.17542691205401,4,0.530097854191498,NA,NA
"297","sub-0309",21,"female","medium",3,1,-1.17542691205401,5,1.30085853509739,NA,NA
"298","sub-0310",22.5,"male","low",4,1,-1.17542691205401,3,-0.24066282671439,NA,NA
"299","sub-0311",23.75,"female","high",5,1.75,0.0794031468829401,4,0.530097854191498,NA,NA
"300","sub-0312",20.5,"female","medium",3,1.5,-0.338873539429378,2,-1.01142350762028,NA,NA
"301","sub-0314",23.25,"female","high",6,1.5,-0.338873539429378,3,-0.24066282671439,NA,NA
"302","sub-0315",23.25,"male","medium",4.5,1.5,-0.338873539429378,1,-1.78218418852617,NA,NA
"303","sub-0316",21.25,"male","low",4,1.25,-0.757150225741696,4,0.530097854191498,NA,NA
"304","sub-0317",21.75,"male","high",5,1.5,-0.338873539429378,4,0.530097854191498,NA,NA
"305","sub-0318",21,"male","high",4.5,2.5,1.33423320581989,4,0.530097854191498,NA,NA
"306","sub-0319",23,"female","low",2,1.75,0.0794031468829401,5,1.30085853509739,NA,NA
"307","sub-0320",24.75,"female","high",3,1.75,0.0794031468829401,4,0.530097854191498,NA,NA
"308","sub-0321",25.5,"male","high",3.5,1.25,-0.757150225741696,4,0.530097854191498,NA,NA
"309","sub-0322",21.5,"male","medium",3,1.5,-0.338873539429378,2,-1.01142350762028,NA,NA
"310","sub-0323",25,"male","high",4,1.5,-0.338873539429378,6,2.07161921600328,NA,NA
"311","sub-0324",21.5,"female","high",4.5,1.25,-0.757150225741696,2,-1.01142350762028,NA,NA
"312","sub-0325",24.75,"female","high",5,2.25,0.915956519507576,4,0.530097854191498,NA,NA
"313","sub-0326",21.75,"female","high",4.5,1.75,0.0794031468829401,2,-1.01142350762028,NA,NA
"314","sub-0327",24.75,"female","high",3.5,1,-1.17542691205401,4,0.530097854191498,NA,NA
"315","sub-0328",20.25,"male","medium",2.5,2.75,1.75250989213221,6,2.07161921600328,NA,NA
"316","sub-0329",20.5,"male","high",4,3.5,3.00733995106917,1,-1.78218418852617,NA,NA
"317","sub-0332",21.25,"male","high",6,2.25,0.915956519507576,7,2.84237989690916,NA,NA
"318","sub-0333",25.5,"male","high",3,1.5,-0.338873539429378,4,0.530097854191498,NA,NA
"319","sub-0334",21.75,"male","medium",4,1.75,0.0794031468829401,1,-1.78218418852617,NA,NA
"320","sub-0336",20.75,"male","high",4,2.75,1.75250989213221,3,-0.24066282671439,NA,NA
"321","sub-0337",22,"female","low",3,1.75,0.0794031468829401,4,0.530097854191498,NA,NA
"322","sub-0338",23.5,"male","medium",3.5,4.25,4.26217001000612,4,0.530097854191498,NA,NA
"323","sub-0340",23.5,"female","high",4.5,1.25,-0.757150225741696,7,2.84237989690916,NA,NA
"324","sub-0341",22.5,"female","low",2,2.5,1.33423320581989,4,0.530097854191498,NA,NA
"325","sub-0342",25.25,"female","medium",3,1,-1.17542691205401,3,-0.24066282671439,NA,NA
"326","sub-0343",25,"male","high",4.5,1.75,0.0794031468829401,3,-0.24066282671439,NA,NA
"327","sub-0344",22.75,"female","high",3,2.25,0.915956519507576,4,0.530097854191498,NA,NA
"328","sub-0346",21.5,"female","high",4,1.5,-0.338873539429378,3,-0.24066282671439,NA,NA
"329","sub-0347",22.5,"male","medium",2,1,-1.17542691205401,3,-0.24066282671439,NA,NA
"330","sub-0348",24.5,"male","high",4,1,-1.17542691205401,3,-0.24066282671439,NA,NA
"331","sub-0349",22.5,"female","low",4.5,1.5,-0.338873539429378,7,2.84237989690916,NA,NA
"332","sub-0350",24.25,"male","medium",4,2.25,0.915956519507576,2,-1.01142350762028,NA,NA
"333","sub-0352",20.75,"female","high",5,1.5,-0.338873539429378,3,-0.24066282671439,NA,NA
"334","sub-0353",22.25,"female","medium",4,1.75,0.0794031468829401,4,0.530097854191498,NA,NA
"335","sub-0354",21,"female","medium",4,1.25,-0.757150225741696,4,0.530097854191498,NA,NA
"336","sub-0356",25.25,"male","low",3.5,1.5,-0.338873539429378,3,-0.24066282671439,NA,NA
"337","sub-0358",23,"female","medium",5,2,0.497679833195258,2,-1.01142350762028,NA,NA
"338","sub-0360",21.5,"female","medium",4,1.25,-0.757150225741696,4,0.530097854191498,NA,NA
"339","sub-0361",20.25,"male","medium",5,1,-1.17542691205401,3,-0.24066282671439,NA,NA
"340","sub-0362",21,"male","medium",6,1,-1.17542691205401,3,-0.24066282671439,NA,NA
"341","sub-0363",21.25,"female","medium",4.5,1.25,-0.757150225741696,3,-0.24066282671439,NA,NA
"342","sub-0364",24.25,"female","low",2,1.25,-0.757150225741696,2,-1.01142350762028,NA,NA
"343","sub-0365",20.5,"female","high",2,1,-1.17542691205401,4,0.530097854191498,NA,NA
"344","sub-0366",20.5,"male","medium",5,2,0.497679833195258,3,-0.24066282671439,NA,NA
"345","sub-0367",25.75,"male","low",4,2,0.497679833195258,4,0.530097854191498,NA,NA
"346","sub-0368",23.5,"female","medium",4.5,1.5,-0.338873539429378,3,-0.24066282671439,NA,NA
"347","sub-0369",24.75,"male","medium",6,1.75,0.0794031468829401,3,-0.24066282671439,NA,NA
"348","sub-0370",20.25,"male","high",6,2.25,0.915956519507576,3,-0.24066282671439,NA,NA
"349","sub-0371",22,"female","high",3.5,1,-1.17542691205401,1,-1.78218418852617,NA,NA
"350","sub-0372",23.25,"female","medium",4,1,-1.17542691205401,4,0.530097854191498,NA,NA
"351","sub-0373",24,"male","medium",4,2.5,1.33423320581989,4,0.530097854191498,NA,NA
"352","sub-0374",25.75,"female","medium",3,1.25,-0.757150225741696,4,0.530097854191498,NA,NA
"353","sub-0375",23.25,"male","medium",4.5,1.75,0.0794031468829401,5,1.30085853509739,NA,NA
"354","sub-0376",24.5,"male","high",5,1,-1.17542691205401,2,-1.01142350762028,NA,NA
"355","sub-0377",21.75,"female","medium",4.5,1.5,-0.338873539429378,3,-0.24066282671439,NA,NA
"356","sub-0378",25.5,"male","high",3,1,-1.17542691205401,2,-1.01142350762028,NA,NA
"357","sub-0379",20,"female","high",4,1.75,0.0794031468829401,3,-0.24066282671439,NA,NA
"358","sub-0380",25,"female","high",3.5,1.5,-0.338873539429378,4,0.530097854191498,NA,NA
"359","sub-0382",21.25,"male","high",6,1.75,0.0794031468829401,4,0.530097854191498,NA,NA
"360","sub-0383",23.75,"male","high",6,1,-1.17542691205401,1,-1.78218418852617,NA,NA
"361","sub-0384",22.25,"female","medium",3,1,-1.17542691205401,4,0.530097854191498,NA,NA
"362","sub-0385",21.75,"female","medium",2,3,2.17078657844453,4,0.530097854191498,NA,NA
"363","sub-0386",24.5,"male","medium",4,1.75,0.0794031468829401,3,-0.24066282671439,NA,NA
"364","sub-0387",24.25,"female","high",4,1,-1.17542691205401,1,-1.78218418852617,NA,NA
"365","sub-0388",23.75,"male","medium",4,2,0.497679833195258,1,-1.78218418852617,NA,NA
"366","sub-0389",24.75,"male","medium",5,1.5,-0.338873539429378,3,-0.24066282671439,NA,NA
"367","sub-0390",20.5,"female","medium",3.5,1.25,-0.757150225741696,2,-1.01142350762028,NA,NA
"368","sub-0392",22.25,"female","high",4,1,-1.17542691205401,4,0.530097854191498,NA,NA
"369","sub-0393",20.75,"male","high",6,1.25,-0.757150225741696,4,0.530097854191498,NA,NA
"370","sub-0394",22,"male","medium",3.5,1.5,-0.338873539429378,2,-1.01142350762028,NA,NA
"371","sub-0395",21.75,"female","high",6,1.5,-0.338873539429378,3,-0.24066282671439,NA,NA
"372","sub-0396",21,"female","low",3.5,1,-1.17542691205401,3,-0.24066282671439,NA,NA
"373","sub-0397",22.25,"male","medium",4,1.75,0.0794031468829401,3,-0.24066282671439,NA,NA
"374","sub-0398",24,"female","high",4.5,1.5,-0.338873539429378,4,0.530097854191498,NA,NA
"375","sub-0399",23.75,"male","medium",3,2.5,1.33423320581989,5,1.30085853509739,NA,NA
"376","sub-0400",21.75,"female","high",3.5,1.25,-0.757150225741696,4,0.530097854191498,NA,NA
"377","sub-0401",22,"female","low",3,1.25,-0.757150225741696,4,0.530097854191498,NA,NA
"378","sub-0402",23,"male","high",3.5,2.75,1.75250989213221,5,1.30085853509739,NA,NA
"379","sub-0403",21.5,"male","low",2,2,0.497679833195258,4,0.530097854191498,NA,NA
"380","sub-0404",21,"female","medium",2,1,-1.17542691205401,2,-1.01142350762028,NA,NA
"381","sub-0405",24.75,"female","medium",2.5,3,2.17078657844453,3,-0.24066282671439,NA,NA
"382","sub-0406",20.5,"male","medium",3.5,2,0.497679833195258,3,-0.24066282671439,NA,NA
"383","sub-0408",20.25,"male","medium",4.5,2.25,0.915956519507576,1,-1.78218418852617,NA,NA
"384","sub-0409",24.5,"male","high",4,1.5,-0.338873539429378,3,-0.24066282671439,NA,NA
"385","sub-0410",22,"male","medium",4,1.5,-0.338873539429378,3,-0.24066282671439,NA,NA
"386","sub-0411",25.25,"male","high",2,1.25,-0.757150225741696,4,0.530097854191498,NA,NA
"387","sub-0412",20.75,"female","medium",5,2.75,1.75250989213221,4,0.530097854191498,NA,NA
"388","sub-0413",23,"male","high",6,1.75,0.0794031468829401,4,0.530097854191498,NA,NA
"389","sub-0414",21.25,"female","high",4,3.5,3.00733995106917,3,-0.24066282671439,5,0.409025413186211
"390","sub-0415",23,"male","medium",4,1,-1.17542691205401,2,-1.01142350762028,2,-1.38982980710917
"391","sub-0416",23.25,"female","high",3.5,1,-1.17542691205401,3,-0.24066282671439,NA,NA
"392","sub-0417",24.75,"male","high",3,1.5,-0.338873539429378,4,0.530097854191498,5.66666666666667,0.808771017696296
"393","sub-0418",24.25,"female","low",2,1.25,-0.757150225741696,4,0.530097854191498,NA,NA
"394","sub-0419",24.25,"male","high",3.5,2,0.497679833195258,3,-0.24066282671439,NA,NA
"395","sub-0420",23.25,"male","high",5,2,0.497679833195258,1,-1.78218418852617,4.33333333333333,0.00927980867612666
"396","sub-0422",20.75,"female","medium",4.5,3.25,2.58906326475685,6,2.07161921600328,NA,NA
"397","sub-0423",25.5,"male","medium",5,1.75,0.0794031468829401,3,-0.24066282671439,5.33333333333333,0.608898215441253
"398","sub-0424",24.75,"female","low",3,1.75,0.0794031468829401,1,-1.78218418852617,6.33333333333333,1.20851662220638
"399","sub-0425",22.25,"female","medium",2,2,0.497679833195258,3,-0.24066282671439,NA,NA
"400","sub-0426",24.75,"male","low",3,2.25,0.915956519507576,6,2.07161921600328,2.33333333333333,-1.18995700485413
"401","sub-0427",20.5,"male","medium",3,1.5,-0.338873539429378,3,-0.24066282671439,NA,NA
"402","sub-0428",23.75,"female","high",5,1.5,-0.338873539429378,2,-1.01142350762028,NA,NA
"403","sub-0429",24.25,"female","medium",4.5,1.75,0.0794031468829401,2,-1.01142350762028,NA,NA
"404","sub-0430",25.75,"female","high",5,1.25,-0.757150225741696,3,-0.24066282671439,4,-0.190592993578915
"405","sub-0431",25,"female","medium",3.5,1,-1.17542691205401,1,-1.78218418852617,5.66666666666667,0.808771017696296
"406","sub-0432",25.5,"female","high",4.5,1,-1.17542691205401,4,0.530097854191498,4.33333333333333,0.00927980867612666
"407","sub-0433",25.25,"female","high",5,1.5,-0.338873539429378,2,-1.01142350762028,4.33333333333333,0.00927980867612666
"408","sub-0434",24,"female","high",6,1.5,-0.338873539429378,4,0.530097854191498,4.33333333333333,0.00927980867612666
"409","sub-0435",23.25,"male","high",3,1.5,-0.338873539429378,4,0.530097854191498,3.33333333333333,-0.590338598089
"410","sub-0436",23.75,"female","high",4,2.75,1.75250989213221,3,-0.24066282671439,3.66666666666667,-0.390465795833958
"411","sub-0437",20.5,"female","medium",4,1.75,0.0794031468829401,5,1.30085853509739,1.33333333333333,-1.78957541161925
"412","sub-0438",23.25,"female","high",3,1.5,-0.338873539429378,4,0.530097854191498,5,0.409025413186211
"413","sub-0439",21.5,"male","medium",3,1,-1.17542691205401,2,-1.01142350762028,5,0.409025413186211
"414","sub-0440",21.25,"female","high",2,1,-1.17542691205401,1,-1.78218418852617,NA,NA
"415","sub-0441",22,"female","high",5,1.5,-0.338873539429378,3,-0.24066282671439,6.33333333333333,1.20851662220638
"416","sub-0442",24,"male","low",3,1.75,0.0794031468829401,2,-1.01142350762028,6.33333333333333,1.20851662220638
"417","sub-0443",21,"female","medium",4,1.25,-0.757150225741696,3,-0.24066282671439,4.33333333333333,0.00927980867612666
"418","sub-0444",21,"male","medium",3.5,1.25,-0.757150225741696,2,-1.01142350762028,7,1.60826222671646
"419","sub-0445",25,"male","medium",3,1.5,-0.338873539429378,3,-0.24066282671439,6.33333333333333,1.20851662220638
"420","sub-0446",25.25,"female","medium",3,1.75,0.0794031468829401,2,-1.01142350762028,4.66666666666667,0.209152610931169
"421","sub-0447",20.25,"female","high",4,1.25,-0.757150225741696,3,-0.24066282671439,5.66666666666667,0.808771017696296
"422","sub-0448",21.5,"female","medium",4.5,1.25,-0.757150225741696,3,-0.24066282671439,1.66666666666667,-1.58970260936421
"423","sub-0449",20.25,"male","medium",3.5,1.5,-0.338873539429378,4,0.530097854191498,1,-1.98944821387429
"424","sub-0450",20.5,"male","high",6,1.25,-0.757150225741696,4,0.530097854191498,7,1.60826222671646
"425","sub-0451",25.5,"female","medium",4.5,2,0.497679833195258,1,-1.78218418852617,7,1.60826222671646
"426","sub-0452",20.75,"female","high",5,1,-1.17542691205401,5,1.30085853509739,1.33333333333333,-1.78957541161925
"427","sub-0453",21,"male","high",6,1.25,-0.757150225741696,3,-0.24066282671439,6,1.00864381995134
"428","sub-0454",21,"male","low",3,1,-1.17542691205401,3,-0.24066282671439,4,-0.190592993578915
"429","sub-0455",22.75,"male","medium",4,2,0.497679833195258,5,1.30085853509739,NA,NA
"430","sub-0456",21,"male","high",5,1.75,0.0794031468829401,2,-1.01142350762028,NA,NA
"431","sub-0457",24.25,"male","high",6,1.5,-0.338873539429378,4,0.530097854191498,NA,NA
"432","sub-0458",21.5,"female","medium",3.5,1,-1.17542691205401,1,-1.78218418852617,NA,NA
"433","sub-0459",21.25,"female","medium",6,1.75,0.0794031468829401,2,-1.01142350762028,5.33333333333333,0.608898215441253
"434","sub-0460",20.5,"female","low",2.5,1.25,-0.757150225741696,6,2.07161921600328,6.66666666666667,1.40838942446142
"435","sub-0461",22,"male","low",2,2.5,1.33423320581989,2,-1.01142350762028,7,1.60826222671646
"436","sub-0462",23,"male","high",6,1.75,0.0794031468829401,3,-0.24066282671439,3.33333333333333,-0.590338598089
"437","sub-0463",22,"male","medium",3,1.75,0.0794031468829401,2,-1.01142350762028,3.66666666666667,-0.390465795833958
"438","sub-0464",22,"male","high",4.5,1,-1.17542691205401,4,0.530097854191498,4.33333333333333,0.00927980867612666
"439","sub-0465",22.25,"male","low",2,2.25,0.915956519507576,3,-0.24066282671439,4.66666666666667,0.209152610931169
"440","sub-0466",22.25,"male","low",3,1,-1.17542691205401,4,0.530097854191498,3,-0.790211400344042
"441","sub-0467",20.25,"female","medium",4,3,2.17078657844453,5,1.30085853509739,1,-1.98944821387429
"442","sub-0468",23.5,"female","high",6,4,3.8438933236938,4,0.530097854191498,3.33333333333333,-0.590338598089
"443","sub-0469",21.5,"male","medium",6,1.75,0.0794031468829401,2,-1.01142350762028,2.33333333333333,-1.18995700485413
"444","sub-0470",22,"male","medium",2,2,0.497679833195258,2,-1.01142350762028,5,0.409025413186211
"445","sub-0471",23,"female","high",5,2,0.497679833195258,4,0.530097854191498,4,-0.190592993578915
"446","sub-0472",26,"female","high",2,1.5,-0.338873539429378,4,0.530097854191498,4.66666666666667,0.209152610931169
"447","sub-0473",22.75,"female","high",3.5,2.5,1.33423320581989,6,2.07161921600328,5.33333333333333,0.608898215441253
"448","sub-0474",23,"male","medium",5,4,3.8438933236938,5,1.30085853509739,3.66666666666667,-0.390465795833958
"449","sub-0475",19.75,"male","high",5,1.25,-0.757150225741696,4,0.530097854191498,3.66666666666667,-0.390465795833958
"450","sub-0476",25.25,"male","high",4,2.25,0.915956519507576,3,-0.24066282671439,5.33333333333333,0.608898215441253
"451","sub-0477",22.75,"female","medium",6,2.25,0.915956519507576,3,-0.24066282671439,5.33333333333333,0.608898215441253
"452","sub-0478",20.25,"male","high",6,3.25,2.58906326475685,4,0.530097854191498,2,-1.38982980710917
"453","sub-0480",24.75,"female","high",4.5,1,-1.17542691205401,4,0.530097854191498,4.66666666666667,0.209152610931169
"454","sub-0481",23.5,"male","medium",4,1.75,0.0794031468829401,2,-1.01142350762028,5.66666666666667,0.808771017696296
"455","sub-0482",23,"male","medium",3,1,-1.17542691205401,1,-1.78218418852617,6.66666666666667,1.40838942446142
"456","sub-0483",20.75,"female","medium",3,1,-1.17542691205401,1,-1.78218418852617,7,1.60826222671646
"457","sub-0484",24,"male","high",4.5,1.25,-0.757150225741696,3,-0.24066282671439,5,0.409025413186211
"458","sub-0485",21,"female","high",3,1.75,0.0794031468829401,3,-0.24066282671439,3,-0.790211400344042
"459","sub-0486",21.5,"male","medium",3,1.25,-0.757150225741696,3,-0.24066282671439,3.66666666666667,-0.390465795833958
"460","sub-0487",24.25,"female","medium",2.5,1,-1.17542691205401,3,-0.24066282671439,6.66666666666667,1.40838942446142
"461","sub-0488",25.25,"male","medium",5,2,0.497679833195258,3,-0.24066282671439,5.33333333333333,0.608898215441253
"462","sub-0489",25.75,"female","medium",5,1,-1.17542691205401,3,-0.24066282671439,5,0.409025413186211
"463","sub-0490",25,"female","medium",5,1,-1.17542691205401,2,-1.01142350762028,4,-0.190592993578915
"464","sub-0491",20.25,"male","low",4,1.25,-0.757150225741696,4,0.530097854191498,1,-1.98944821387429
"465","sub-0492",22,"male","high",4,2.25,0.915956519507576,1,-1.78218418852617,3.33333333333333,-0.590338598089
"466","sub-0493",24.5,"male","medium",4,2.5,1.33423320581989,3,-0.24066282671439,5.33333333333333,0.608898215441253
"467","sub-0494",24.5,"female","medium",3,2,0.497679833195258,3,-0.24066282671439,3.66666666666667,-0.390465795833958
"468","sub-0495",21,"female","medium",4,1.25,-0.757150225741696,4,0.530097854191498,5,0.409025413186211
"469","sub-0496",25.25,"male","low",4,2,0.497679833195258,4,0.530097854191498,2,-1.38982980710917
"470","sub-0497",25.5,"female","high",6,1.75,0.0794031468829401,2,-1.01142350762028,6,1.00864381995134
"471","sub-0498",21,"female","medium",3.5,1.25,-0.757150225741696,3,-0.24066282671439,5,0.409025413186211
"472","sub-0499",20.25,"female","medium",3.5,1.5,-0.338873539429378,2,-1.01142350762028,3.66666666666667,-0.390465795833958
"473","sub-0500",26,"male","high",3.5,2.75,1.75250989213221,1,-1.78218418852617,6,1.00864381995134
"474","sub-0501",25.5,"male","low",2,1.5,-0.338873539429378,4,0.530097854191498,5.33333333333333,0.608898215441253
"475","sub-0502",24.5,"female","high",4,1,-1.17542691205401,4,0.530097854191498,1,-1.98944821387429
"476","sub-0503",26,"female","high",3.5,2.75,1.75250989213221,2,-1.01142350762028,6,1.00864381995134
"477","sub-0504",20.5,"female","medium",4.5,1.25,-0.757150225741696,3,-0.24066282671439,3.33333333333333,-0.590338598089
"478","sub-0505",24.5,"female","high",5,1,-1.17542691205401,1,-1.78218418852617,6.33333333333333,1.20851662220638
"479","sub-0506",24.25,"male","medium",4,3,2.17078657844453,5,1.30085853509739,6,1.00864381995134
"480","sub-0507",25.5,"male","high",5,1,-1.17542691205401,2,-1.01142350762028,5.33333333333333,0.608898215441253
"481","sub-0508",23.75,"female","medium",3,1,-1.17542691205401,4,0.530097854191498,4,-0.190592993578915
"482","sub-0509",23.75,"female","high",2.5,1.75,0.0794031468829401,4,0.530097854191498,3,-0.790211400344042
"483","sub-0510",23.75,"female","high",4.5,1.5,-0.338873539429378,4,0.530097854191498,3,-0.790211400344042
"484","sub-0511",23.25,"female","high",5,2.5,1.33423320581989,3,-0.24066282671439,6.66666666666667,1.40838942446142
"485","sub-0512",21.25,"female","high",3.5,1.25,-0.757150225741696,3,-0.24066282671439,5.33333333333333,0.608898215441253
"486","sub-0513",21.25,"male","medium",3.5,1.75,0.0794031468829401,2,-1.01142350762028,6.66666666666667,1.40838942446142
"487","sub-0514",23,"female","medium",3.5,1.25,-0.757150225741696,1,-1.78218418852617,5.66666666666667,0.808771017696296
"488","sub-0515",22.5,"female","medium",5,2.25,0.915956519507576,2,-1.01142350762028,4,-0.190592993578915
"489","sub-0516",23.5,"male","high",5.5,1.5,-0.338873539429378,3,-0.24066282671439,1.66666666666667,-1.58970260936421
"490","sub-0517",23.25,"female","high",4,1.25,-0.757150225741696,2,-1.01142350762028,6,1.00864381995134
"491","sub-0518",20.5,"female","high",3,1.25,-0.757150225741696,4,0.530097854191498,1,-1.98944821387429
"492","sub-0519",24.5,"female","high",5,1.75,0.0794031468829401,3,-0.24066282671439,5,0.409025413186211
"493","sub-0520",23.75,"male","high",6,1.75,0.0794031468829401,4,0.530097854191498,4.33333333333333,0.00927980867612666
"494","sub-0521",21.25,"female","medium",3.5,1.75,0.0794031468829401,5,1.30085853509739,5.33333333333333,0.608898215441253
"495","sub-0522",21.5,"female","low",3,1.25,-0.757150225741696,4,0.530097854191498,4.66666666666667,0.209152610931169
"496","sub-0523",23.5,"female","high",5,2.75,1.75250989213221,1,-1.78218418852617,1,-1.98944821387429
"497","sub-0524",25,"female","high",4.5,1,-1.17542691205401,1,-1.78218418852617,7,1.60826222671646
"498","sub-0525",21.5,"female","medium",5,1.25,-0.757150225741696,5,1.30085853509739,6.33333333333333,1.20851662220638
"499","sub-0526",21.25,"male","medium",2,1,-1.17542691205401,3,-0.24066282671439,6,1.00864381995134
"500","sub-0527",24,"female","high",3,2.5,1.33423320581989,4,0.530097854191498,5.66666666666667,0.808771017696296
"501","sub-0528",21,"male","medium",3,1,-1.17542691205401,4,0.530097854191498,2.33333333333333,-1.18995700485413
"502","sub-0529",20.25,"male","medium",4.5,1.75,0.0794031468829401,3,-0.24066282671439,6.66666666666667,1.40838942446142
"503","sub-0530",20.25,"male","high",6,1.5,-0.338873539429378,4,0.530097854191498,3,-0.790211400344042
"504","sub-0531",23,"male","high",5,2.5,1.33423320581989,4,0.530097854191498,6.33333333333333,1.20851662220638
"505","sub-0532",21,"male","medium",2,1.25,-0.757150225741696,3,-0.24066282671439,4.33333333333333,0.00927980867612666
"506","sub-0533",20.75,"male","high",5.5,1.75,0.0794031468829401,3,-0.24066282671439,4.33333333333333,0.00927980867612666
"507","sub-0534",21.75,"male","high",6,1,-1.17542691205401,3,-0.24066282671439,6,1.00864381995134
"508","sub-0535",23.75,"female","medium",3,1.5,-0.338873539429378,4,0.530097854191498,7,1.60826222671646
"509","sub-0536",23.75,"female","medium",3.5,1.25,-0.757150225741696,5,1.30085853509739,2.66666666666667,-0.990084202599084
"510","sub-0537",24.25,"female","medium",3,1.5,-0.338873539429378,4,0.530097854191498,6,1.00864381995134
"511","sub-0538",22.75,"male","high",6,2.5,1.33423320581989,4,0.530097854191498,1.33333333333333,-1.78957541161925
"512","sub-0539",25.75,"female","medium",5,1,-1.17542691205401,1,-1.78218418852617,4,-0.190592993578915
"513","sub-0540",24,"male","medium",4.5,1.25,-0.757150225741696,2,-1.01142350762028,4,-0.190592993578915
"514","sub-0541",24.5,"female","high",5,1.75,0.0794031468829401,5,1.30085853509739,2.33333333333333,-1.18995700485413
"515","sub-0542",20.75,"male","high",3,1,-1.17542691205401,2,-1.01142350762028,3.66666666666667,-0.390465795833958
"516","sub-0543",25.5,"female","high",4.5,3.25,2.58906326475685,4,0.530097854191498,NA,NA
"517","sub-0544",23.75,"female","medium",2,1.25,-0.757150225741696,2,-1.01142350762028,5.66666666666667,0.808771017696296
"518","sub-0545",22,"male","high",6,1.75,0.0794031468829401,2,-1.01142350762028,7,1.60826222671646
"519","sub-0546",24.75,"female","low",3,1,-1.17542691205401,1,-1.78218418852617,4.33333333333333,0.00927980867612666
"520","sub-0547",25.75,"female","medium",3,1.5,-0.338873539429378,2,-1.01142350762028,1,-1.98944821387429
"521","sub-0548",20.5,"female","low",5,1.5,-0.338873539429378,4,0.530097854191498,3.33333333333333,-0.590338598089
"522","sub-0549",23,"male","medium",4.5,2,0.497679833195258,5,1.30085853509739,6.33333333333333,1.20851662220638
"523","sub-0550",21.5,"female","high",5,1.5,-0.338873539429378,2,-1.01142350762028,4.66666666666667,0.209152610931169
"524","sub-0551",22.25,"male","medium",5.5,3,2.17078657844453,4,0.530097854191498,5,0.409025413186211
"525","sub-0552",21,"female","low",5,1.25,-0.757150225741696,4,0.530097854191498,4.66666666666667,0.209152610931169
"526","sub-0553",23.75,"male","high",3,2,0.497679833195258,5,1.30085853509739,6.33333333333333,1.20851662220638
"527","sub-0554",22.5,"male","high",3.5,1.75,0.0794031468829401,4,0.530097854191498,4.66666666666667,0.209152610931169
"528","sub-0555",21,"male","low",4,2.25,0.915956519507576,4,0.530097854191498,1,-1.98944821387429
"529","sub-0556",22,"male","low",4,1.5,-0.338873539429378,3,-0.24066282671439,5.66666666666667,0.808771017696296
"530","sub-0557",25.25,"male","medium",2,1.75,0.0794031468829401,5,1.30085853509739,2.66666666666667,-0.990084202599084
"531","sub-0558",23.25,"female","high",5,1,-1.17542691205401,3,-0.24066282671439,3.33333333333333,-0.590338598089
"532","sub-0559",20.25,"male","high",4,2.75,1.75250989213221,4,0.530097854191498,4.33333333333333,0.00927980867612666
"533","sub-0560",24.75,"male","high",3,1.5,-0.338873539429378,6,2.07161921600328,2.33333333333333,-1.18995700485413
"534","sub-0561",22.25,"male","medium",4.5,1,-1.17542691205401,2,-1.01142350762028,4,-0.190592993578915
"535","sub-0562",20.25,"male","medium",4,2,0.497679833195258,5,1.30085853509739,7,1.60826222671646
"536","sub-0563",20.75,"female","medium",3,1.5,-0.338873539429378,1,-1.78218418852617,7,1.60826222671646
"537","sub-0564",22.5,"male","high",2.5,1.75,0.0794031468829401,5,1.30085853509739,1.66666666666667,-1.58970260936421
"538","sub-0565",25,"male","medium",3,1.5,-0.338873539429378,4,0.530097854191498,1.33333333333333,-1.78957541161925
"539","sub-0566",22,"female","medium",4,2.25,0.915956519507576,2,-1.01142350762028,5,0.409025413186211
"540","sub-0567",22.25,"male","medium",4,1.5,-0.338873539429378,4,0.530097854191498,6.33333333333333,1.20851662220638
"541","sub-0568",20.5,"male","medium",4,1.25,-0.757150225741696,4,0.530097854191498,5.33333333333333,0.608898215441253
"542","sub-0569",22,"female","high",4,1.5,-0.338873539429378,4,0.530097854191498,2,-1.38982980710917
"543","sub-0570",24.5,"male","high",3,1.75,0.0794031468829401,5,1.30085853509739,1,-1.98944821387429
"544","sub-0571",22.75,"female","high",6,1,-1.17542691205401,3,-0.24066282671439,4.66666666666667,0.209152610931169
"545","sub-0572",23,"female","medium",4,2.25,0.915956519507576,3,-0.24066282671439,3,-0.790211400344042
"546","sub-0573",21.5,"male","high",6,1.25,-0.757150225741696,1,-1.78218418852617,7,1.60826222671646
"547","sub-0574",20.5,"male","medium",4,1.5,-0.338873539429378,4,0.530097854191498,2.33333333333333,-1.18995700485413
"548","sub-0575",21.5,"male","high",3,3,2.17078657844453,4,0.530097854191498,3.66666666666667,-0.390465795833958
"549","sub-0576",24,"male","medium",3.5,1.5,-0.338873539429378,4,0.530097854191498,2,-1.38982980710917
"550","sub-0577",21.75,"male","low",2,1,-1.17542691205401,3,-0.24066282671439,4.33333333333333,0.00927980867612666
"551","sub-0578",20.75,"female","medium",6,2.25,0.915956519507576,4,0.530097854191498,1.33333333333333,-1.78957541161925
"552","sub-0579",24.5,"female","medium",3.5,1.25,-0.757150225741696,4,0.530097854191498,3.66666666666667,-0.390465795833958
"553","sub-0580",25,"male","medium",3,1.25,-0.757150225741696,6,2.07161921600328,5.66666666666667,0.808771017696296
"554","sub-0581",24.5,"male","high",2,1.75,0.0794031468829401,4,0.530097854191498,3.66666666666667,-0.390465795833958
"555","sub-0582",23.25,"female","medium",3.5,1.25,-0.757150225741696,2,-1.01142350762028,5.33333333333333,0.608898215441253
"556","sub-0583",21.25,"male","medium",2.5,1.25,-0.757150225741696,2,-1.01142350762028,5.66666666666667,0.808771017696296
"557","sub-0584",21.75,"male","medium",3.5,1.75,0.0794031468829401,2,-1.01142350762028,3.33333333333333,-0.590338598089
"558","sub-0585",21,"female","high",3,1.25,-0.757150225741696,3,-0.24066282671439,4,-0.190592993578915
"559","sub-0586",23,"male","low",4,2.25,0.915956519507576,3,-0.24066282671439,5,0.409025413186211
"560","sub-0587",23.5,"female","high",4,1,-1.17542691205401,2,-1.01142350762028,3.66666666666667,-0.390465795833958
"561","sub-0588",23,"female","medium",4,2.5,1.33423320581989,4,0.530097854191498,5.66666666666667,0.808771017696296
"562","sub-0589",25.25,"male","medium",3,1.25,-0.757150225741696,4,0.530097854191498,3.66666666666667,-0.390465795833958
"563","sub-0590",21.25,"male","high",3,1,-1.17542691205401,4,0.530097854191498,5.66666666666667,0.808771017696296
"564","sub-0591",23,"female","medium",5,1.75,0.0794031468829401,4,0.530097854191498,2,-1.38982980710917
"565","sub-0592",25.25,"male","high",5.5,1.5,-0.338873539429378,2,-1.01142350762028,5.66666666666667,0.808771017696296
"566","sub-0593",23.75,"male","medium",4.5,2,0.497679833195258,4,0.530097854191498,6,1.00864381995134
"567","sub-0594",23.25,"female","high",2.5,1,-1.17542691205401,3,-0.24066282671439,6.33333333333333,1.20851662220638
"568","sub-0595",23,"male","high",5.5,1.75,0.0794031468829401,4,0.530097854191498,1,-1.98944821387429
"569","sub-0596",24,"male","low",3,1,-1.17542691205401,1,-1.78218418852617,7,1.60826222671646
"570","sub-0597",21.75,"male","medium",2,1.75,0.0794031468829401,4,0.530097854191498,3.33333333333333,-0.590338598089
"571","sub-0598",22.5,"female","high",6,1.25,-0.757150225741696,3,-0.24066282671439,6.33333333333333,1.20851662220638
"572","sub-0599",25.5,"female","low",3.5,1.5,-0.338873539429378,2,-1.01142350762028,7,1.60826222671646
"573","sub-0600",25.25,"female","low",3,1.75,0.0794031468829401,2,-1.01142350762028,6,1.00864381995134
"574","sub-0601",25.75,"female","low",6,1.75,0.0794031468829401,3,-0.24066282671439,5.66666666666667,0.808771017696296
"575","sub-0602",21.25,"male","medium",3.5,1.5,-0.338873539429378,6,2.07161921600328,5,0.409025413186211
"576","sub-0603",23,"female","low",4.5,2.25,0.915956519507576,3,-0.24066282671439,7,1.60826222671646
"577","sub-0604",22.5,"female","high",5,1.5,-0.338873539429378,1,-1.78218418852617,3.33333333333333,-0.590338598089
"578","sub-0605",24.25,"male","high",5,2.25,0.915956519507576,2,-1.01142350762028,6,1.00864381995134
"579","sub-0606",22,"male","high",5,2,0.497679833195258,4,0.530097854191498,1.33333333333333,-1.78957541161925
"580","sub-0607",20.5,"female","low",5,2.5,1.33423320581989,3,-0.24066282671439,6,1.00864381995134
"581","sub-0608",22.75,"female","high",3.5,2,0.497679833195258,3,-0.24066282671439,5.66666666666667,0.808771017696296
"582","sub-0609",23.75,"male","high",6,1.75,0.0794031468829401,4,0.530097854191498,5,0.409025413186211
"583","sub-0610",23.75,"female","high",4,1.75,0.0794031468829401,3,-0.24066282671439,5.33333333333333,0.608898215441253
"584","sub-0611",25,"female","high",4.5,3,2.17078657844453,7,2.84237989690916,7,1.60826222671646
"585","sub-0612",21.75,"female","high",3,1.25,-0.757150225741696,4,0.530097854191498,1,-1.98944821387429
"586","sub-0613",22.5,"male","medium",2.5,1,-1.17542691205401,5,1.30085853509739,5.33333333333333,0.608898215441253
"587","sub-0614",23.75,"female","high",6,2,0.497679833195258,4,0.530097854191498,1.66666666666667,-1.58970260936421
"588","sub-0615",24.25,"female","high",6,1.25,-0.757150225741696,1,-1.78218418852617,5.66666666666667,0.808771017696296
"589","sub-0616",23.25,"male","medium",2,1.5,-0.338873539429378,6,2.07161921600328,4.33333333333333,0.00927980867612666
"590","sub-0617",23.25,"female","medium",4,1.75,0.0794031468829401,2,-1.01142350762028,3.66666666666667,-0.390465795833958
"591","sub-0618",22.5,"male","high",5,1.5,-0.338873539429378,4,0.530097854191498,4,-0.190592993578915
"592","sub-0619",23.75,"male","high",5,1.25,-0.757150225741696,4,0.530097854191498,2,-1.38982980710917
"593","sub-0620",25.5,"female","high",5.5,1,-1.17542691205401,4,0.530097854191498,5.66666666666667,0.808771017696296
"594","sub-0621",22.5,"female","low",2.5,1,-1.17542691205401,2,-1.01142350762028,4.66666666666667,0.209152610931169
"595","sub-0622",21.5,"male","high",6,2,0.497679833195258,2,-1.01142350762028,6.33333333333333,1.20851662220638
"596","sub-0623",25.75,"male","high",4.5,2.25,0.915956519507576,3,-0.24066282671439,6.33333333333333,1.20851662220638
"597","sub-0624",24.75,"female","low",2.5,1.5,-0.338873539429378,3,-0.24066282671439,3,-0.790211400344042
"598","sub-0625",26,"male","medium",6,1.5,-0.338873539429378,1,-1.78218418852617,6.33333333333333,1.20851662220638
"599","sub-0626",20.75,"male","medium",2,1.25,-0.757150225741696,6,2.07161921600328,4.66666666666667,0.209152610931169
"600","sub-0627",22.75,"female","high",5,1.75,0.0794031468829401,2,-1.01142350762028,6,1.00864381995134
"601","sub-0628",21.5,"female","medium",4,1.25,-0.757150225741696,4,0.530097854191498,5,0.409025413186211
"602","sub-0629",24.75,"male","medium",2,1.5,-0.338873539429378,3,-0.24066282671439,6.33333333333333,1.20851662220638
"603","sub-0630",23.75,"female","low",5,1.25,-0.757150225741696,4,0.530097854191498,5.66666666666667,0.808771017696296
"604","sub-0631",24,"male","medium",3.5,2,0.497679833195258,2,-1.01142350762028,4.33333333333333,0.00927980867612666
"605","sub-0632",25.75,"male","low",2,1.75,0.0794031468829401,3,-0.24066282671439,5,0.409025413186211
"606","sub-0633",20.5,"male","high",4,1,-1.17542691205401,4,0.530097854191498,6,1.00864381995134
"607","sub-0634",24.25,"male","low",2,2.5,1.33423320581989,5,1.30085853509739,3.66666666666667,-0.390465795833958
"608","sub-0635",25.5,"female","high",5,1.25,-0.757150225741696,4,0.530097854191498,5,0.409025413186211
"609","sub-0636",23.5,"female","medium",4,2.5,1.33423320581989,4,0.530097854191498,5.66666666666667,0.808771017696296
"610","sub-0637",20.75,"male","high",4.5,1.25,-0.757150225741696,4,0.530097854191498,6.33333333333333,1.20851662220638
"611","sub-0638",20.75,"male","medium",3,2,0.497679833195258,1,-1.78218418852617,7,1.60826222671646
"612","sub-0639",26,"male","high",4,1.5,-0.338873539429378,4,0.530097854191498,6.33333333333333,1.20851662220638
"613","sub-0640",23.25,"female","medium",3.5,1.5,-0.338873539429378,4,0.530097854191498,1.66666666666667,-1.58970260936421
"614","sub-0641",23.25,"male","high",3.5,1.75,0.0794031468829401,2,-1.01142350762028,4,-0.190592993578915
"615","sub-0642",23,"male","medium",3,1,-1.17542691205401,1,-1.78218418852617,6,1.00864381995134
"616","sub-0643",25.25,"female","medium",2,1,-1.17542691205401,3,-0.24066282671439,5.33333333333333,0.608898215441253
"617","sub-0644",23.75,"female","medium",2,1.75,0.0794031468829401,4,0.530097854191498,5.33333333333333,0.608898215441253
"618","sub-0645",24.75,"female","high",4.5,1.75,0.0794031468829401,1,-1.78218418852617,7,1.60826222671646
"619","sub-0646",20.25,"female","medium",2,1.5,-0.338873539429378,2,-1.01142350762028,6.66666666666667,1.40838942446142
"620","sub-0647",24.5,"male","high",5,1.25,-0.757150225741696,2,-1.01142350762028,3.66666666666667,-0.390465795833958
"621","sub-0648",24.25,"male","medium",6,1.75,0.0794031468829401,3,-0.24066282671439,4.66666666666667,0.209152610931169
"622","sub-0649",24,"female","medium",3,1,-1.17542691205401,3,-0.24066282671439,5.33333333333333,0.608898215441253
"623","sub-0650",20.5,"female","high",5,1.5,-0.338873539429378,5,1.30085853509739,6.33333333333333,1.20851662220638
"624","sub-0651",21.5,"female","high",4,1.5,-0.338873539429378,1,-1.78218418852617,6,1.00864381995134
"625","sub-0652",22,"male","high",4.5,1.5,-0.338873539429378,4,0.530097854191498,3.66666666666667,-0.390465795833958
"626","sub-0653",21.25,"female","high",2,1.5,-0.338873539429378,3,-0.24066282671439,4,-0.190592993578915
"627","sub-0654",24.25,"male","medium",3,2,0.497679833195258,4,0.530097854191498,4.33333333333333,0.00927980867612666
"628","sub-0655",25.5,"male","medium",2,1.25,-0.757150225741696,4,0.530097854191498,3,-0.790211400344042
"629","sub-0656",22,"female","high",4,1.5,-0.338873539429378,2,-1.01142350762028,6,1.00864381995134
"630","sub-0657",20.5,"female","high",5,1.5,-0.338873539429378,2,-1.01142350762028,4.66666666666667,0.209152610931169
"631","sub-0658",23,"male","medium",3,1,-1.17542691205401,4,0.530097854191498,6,1.00864381995134
"632","sub-0659",24.75,"male","high",4,2.25,0.915956519507576,7,2.84237989690916,7,1.60826222671646
"633","sub-0660",22,"male","low",2.5,1.5,-0.338873539429378,4,0.530097854191498,1,-1.98944821387429
"634","sub-0661",22.5,"male","high",4.5,1,-1.17542691205401,7,2.84237989690916,1,-1.98944821387429
"635","sub-0662",21.5,"male","high",3,1,-1.17542691205401,2,-1.01142350762028,5.66666666666667,0.808771017696296
"636","sub-0663",20.5,"female","high",4,1.75,0.0794031468829401,5,1.30085853509739,NA,NA
"637","sub-0664",21.25,"female","medium",3,1.75,0.0794031468829401,2,-1.01142350762028,5.33333333333333,0.608898215441253
"638","sub-0665",25,"female","high",6,2.25,0.915956519507576,3,-0.24066282671439,3,-0.790211400344042
"639","sub-0666",25,"female","medium",6,2,0.497679833195258,4,0.530097854191498,1,-1.98944821387429
"640","sub-0667",24.75,"female","high",5,2.25,0.915956519507576,4,0.530097854191498,5.33333333333333,0.608898215441253
"641","sub-0668",20.5,"female","high",6,1.25,-0.757150225741696,4,0.530097854191498,4.66666666666667,0.209152610931169
"642","sub-0669",24,"male","medium",3,1.75,0.0794031468829401,2,-1.01142350762028,5.66666666666667,0.808771017696296
"643","sub-0670",22.25,"female","high",5.5,2.25,0.915956519507576,3,-0.24066282671439,2.66666666666667,-0.990084202599084
"644","sub-0671",25,"female","medium",3.5,1.5,-0.338873539429378,4,0.530097854191498,3,-0.790211400344042
"645","sub-0672",23,"male","medium",3,2,0.497679833195258,1,-1.78218418852617,3.33333333333333,-0.590338598089
"646","sub-0673",20.75,"male","high",5,3,2.17078657844453,4,0.530097854191498,1,-1.98944821387429
"647","sub-0674",21,"male","medium",3,1.25,-0.757150225741696,3,-0.24066282671439,5.33333333333333,0.608898215441253
"648","sub-0675",23.25,"female","low",3,3.25,2.58906326475685,4,0.530097854191498,2.66666666666667,-0.990084202599084
"649","sub-0676",23.5,"female","high",5.5,1.5,-0.338873539429378,4,0.530097854191498,5,0.409025413186211
"650","sub-0677",26,"male","medium",2,2,0.497679833195258,5,1.30085853509739,4.66666666666667,0.209152610931169
"651","sub-0678",26,"male","medium",2,2,0.497679833195258,4,0.530097854191498,1,-1.98944821387429
"652","sub-0679",23.25,"female","high",5,3.25,2.58906326475685,4,0.530097854191498,7,1.60826222671646
"653","sub-0680",22.5,"male","low",3,2.5,1.33423320581989,1,-1.78218418852617,4,-0.190592993578915
"654","sub-0681",20.75,"male","medium",5.5,1.75,0.0794031468829401,4,0.530097854191498,2.66666666666667,-0.990084202599084
"655","sub-0682",25,"female","high",6,1.5,-0.338873539429378,2,-1.01142350762028,7,1.60826222671646
"656","sub-0683",20,"male","high",6,1.5,-0.338873539429378,4,0.530097854191498,1,-1.98944821387429
"657","sub-0684",25.75,"male","high",3,1,-1.17542691205401,1,-1.78218418852617,5,0.409025413186211
"658","sub-0685",22.5,"female","high",6,2.25,0.915956519507576,1,-1.78218418852617,1.33333333333333,-1.78957541161925
"659","sub-0686",20.25,"male","high",6,2,0.497679833195258,4,0.530097854191498,1.66666666666667,-1.58970260936421
"660","sub-0687",21.5,"female","medium",4,2.75,1.75250989213221,2,-1.01142350762028,2.66666666666667,-0.990084202599084
"661","sub-0688",22.25,"female","medium",5,1.75,0.0794031468829401,4,0.530097854191498,6,1.00864381995134
"662","sub-0689",23.5,"female","high",2,1.25,-0.757150225741696,4,0.530097854191498,3,-0.790211400344042
"663","sub-0690",25.75,"male","low",4,2,0.497679833195258,5,1.30085853509739,3.66666666666667,-0.390465795833958
"664","sub-0691",22.5,"female","medium",5,2.5,1.33423320581989,3,-0.24066282671439,4.66666666666667,0.209152610931169
"665","sub-0692",21.25,"male","medium",3.5,1,-1.17542691205401,3,-0.24066282671439,6.33333333333333,1.20851662220638
"666","sub-0693",20.25,"female","high",2,1.25,-0.757150225741696,4,0.530097854191498,5,0.409025413186211
"667","sub-0694",20.5,"female","high",5,2.25,0.915956519507576,4,0.530097854191498,4,-0.190592993578915
"668","sub-0695",25.25,"male","medium",6,1.25,-0.757150225741696,3,-0.24066282671439,3.33333333333333,-0.590338598089
"669","sub-0697",21.75,"female","medium",4,1.75,0.0794031468829401,1,-1.78218418852617,7,1.60826222671646
"670","sub-0698",24.25,"male","high",4,1.25,-0.757150225741696,4,0.530097854191498,5.33333333333333,0.608898215441253
"671","sub-0699",24.5,"female","high",3.5,1.25,-0.757150225741696,4,0.530097854191498,2.33333333333333,-1.18995700485413
"672","sub-0700",23.5,"female","medium",5,2,0.497679833195258,2,-1.01142350762028,6.33333333333333,1.20851662220638
"673","sub-0701",25.75,"female","high",6,2,0.497679833195258,3,-0.24066282671439,1.33333333333333,-1.78957541161925
"674","sub-0702",21.25,"male","high",5,1.5,-0.338873539429378,3,-0.24066282671439,5.33333333333333,0.608898215441253
"675","sub-0703",20.75,"male","high",5,1.5,-0.338873539429378,4,0.530097854191498,3.33333333333333,-0.590338598089
"676","sub-0704",25.25,"male","high",4.5,2.5,1.33423320581989,1,-1.78218418852617,5.66666666666667,0.808771017696296
"677","sub-0705",20.75,"male","medium",2.5,1.75,0.0794031468829401,4,0.530097854191498,1.33333333333333,-1.78957541161925
"678","sub-0706",25,"female","high",5,2.5,1.33423320581989,4,0.530097854191498,4.66666666666667,0.209152610931169
"679","sub-0707",22.75,"female","high",5,1.5,-0.338873539429378,3,-0.24066282671439,3.33333333333333,-0.590338598089
"680","sub-0708",23.25,"female","high",2,2.25,0.915956519507576,4,0.530097854191498,2,-1.38982980710917
"681","sub-0709",20.5,"female","medium",2,3,2.17078657844453,4,0.530097854191498,3.66666666666667,-0.390465795833958
"682","sub-0710",24.25,"female","high",4,1,-1.17542691205401,4,0.530097854191498,6,1.00864381995134
"683","sub-0711",25.25,"female","medium",5,1.5,-0.338873539429378,2,-1.01142350762028,3.66666666666667,-0.390465795833958
"684","sub-0712",21,"female","medium",4,1.25,-0.757150225741696,3,-0.24066282671439,2.66666666666667,-0.990084202599084
"685","sub-0713",25.5,"female","high",3.5,1.5,-0.338873539429378,4,0.530097854191498,3,-0.790211400344042
"686","sub-0714",22.5,"male","medium",2,1,-1.17542691205401,2,-1.01142350762028,3.33333333333333,-0.590338598089
"687","sub-0715",20.25,"male","high",6,1.75,0.0794031468829401,2,-1.01142350762028,5.66666666666667,0.808771017696296
"688","sub-0716",19,"male","medium",3,1,-1.17542691205401,5,1.30085853509739,4.66666666666667,0.209152610931169
"689","sub-0717",20.5,"male","medium",3,1.75,0.0794031468829401,4,0.530097854191498,6.66666666666667,1.40838942446142
"690","sub-0718",21.5,"male","medium",3.5,2,0.497679833195258,4,0.530097854191498,4.66666666666667,0.209152610931169
"691","sub-0719",22.75,"female","high",6,1.5,-0.338873539429378,4,0.530097854191498,5.33333333333333,0.608898215441253
"692","sub-0720",23.25,"male","high",2.5,2,0.497679833195258,4,0.530097854191498,4.33333333333333,0.00927980867612666
"693","sub-0721",25,"male","high",4.5,2,0.497679833195258,3,-0.24066282671439,4.66666666666667,0.209152610931169
"694","sub-0722",24.5,"male","high",5,1.5,-0.338873539429378,1,-1.78218418852617,7,1.60826222671646
"695","sub-0723",22.75,"male","high",5,1,-1.17542691205401,3,-0.24066282671439,2.66666666666667,-0.990084202599084
"696","sub-0724",25,"female","high",3.5,1,-1.17542691205401,4,0.530097854191498,1,-1.98944821387429
"697","sub-0725",21.5,"female","high",5.5,1.5,-0.338873539429378,2,-1.01142350762028,2.66666666666667,-0.990084202599084
"698","sub-0726",23.5,"female","medium",3,1.75,0.0794031468829401,2,-1.01142350762028,5.33333333333333,0.608898215441253
"699","sub-0727",20.25,"female","medium",4,1.25,-0.757150225741696,4,0.530097854191498,2,-1.38982980710917
"700","sub-0728",22.5,"female","medium",3,1.5,-0.338873539429378,3,-0.24066282671439,6.66666666666667,1.40838942446142
"701","sub-0729",22.5,"male","high",4,1.75,0.0794031468829401,2,-1.01142350762028,5.33333333333333,0.608898215441253
"702","sub-0730",20.5,"female","high",3.5,2.75,1.75250989213221,2,-1.01142350762028,3.66666666666667,-0.390465795833958
"703","sub-0731",24,"male","medium",4.5,1,-1.17542691205401,4,0.530097854191498,5,0.409025413186211
"704","sub-0732",20.75,"female","high",4,2.75,1.75250989213221,4,0.530097854191498,2.33333333333333,-1.18995700485413
"705","sub-0733",20.75,"female","high",5,2,0.497679833195258,3,-0.24066282671439,5.66666666666667,0.808771017696296
"706","sub-0734",21.75,"female","high",4,1.75,0.0794031468829401,3,-0.24066282671439,5.33333333333333,0.608898215441253
"707","sub-0735",24.5,"female","high",4.5,1.25,-0.757150225741696,2,-1.01142350762028,5.33333333333333,0.608898215441253
"708","sub-0736",24,"male","high",4,2,0.497679833195258,4,0.530097854191498,3.33333333333333,-0.590338598089
"709","sub-0737",22.75,"female","high",2,2.25,0.915956519507576,5,1.30085853509739,2.66666666666667,-0.990084202599084
"710","sub-0738",24,"female","high",6,1,-1.17542691205401,4,0.530097854191498,1.33333333333333,-1.78957541161925
"711","sub-0739",21.25,"male","high",5,3.5,3.00733995106917,5,1.30085853509739,4.33333333333333,0.00927980867612666
"712","sub-0740",25.5,"female","high",2.5,2.75,1.75250989213221,6,2.07161921600328,5.33333333333333,0.608898215441253
"713","sub-0741",24.25,"male","medium",2,3,2.17078657844453,5,1.30085853509739,5,0.409025413186211
"714","sub-0742",22.75,"male","high",5,2,0.497679833195258,4,0.530097854191498,5.33333333333333,0.608898215441253
"715","sub-0743",21.5,"male","high",5,1.75,0.0794031468829401,1,-1.78218418852617,6,1.00864381995134
"716","sub-0744",23.5,"male","high",6,2.25,0.915956519507576,4,0.530097854191498,3.33333333333333,-0.590338598089
"717","sub-0745",23.5,"male","high",6,2.5,1.33423320581989,4,0.530097854191498,3.66666666666667,-0.390465795833958
"718","sub-0746",22.75,"female","high",6,1,-1.17542691205401,2,-1.01142350762028,6,1.00864381995134
"719","sub-0747",22,"female","medium",4,2,0.497679833195258,4,0.530097854191498,7,1.60826222671646
"720","sub-0748",20.75,"male","medium",4,1.5,-0.338873539429378,4,0.530097854191498,5.33333333333333,0.608898215441253
"721","sub-0749",20.5,"female","high",6,1.25,-0.757150225741696,3,-0.24066282671439,4.66666666666667,0.209152610931169
"722","sub-0750",24.5,"male","medium",3.5,1.75,0.0794031468829401,3,-0.24066282671439,4,-0.190592993578915
"723","sub-0751",23.25,"female","high",4.5,2.25,0.915956519507576,3,-0.24066282671439,3.66666666666667,-0.390465795833958
"724","sub-0752",25.25,"male","medium",4.5,1,-1.17542691205401,2,-1.01142350762028,2.33333333333333,-1.18995700485413
"725","sub-0753",20.25,"female","medium",2,3,2.17078657844453,4,0.530097854191498,1,-1.98944821387429
"726","sub-0754",23.5,"male","medium",3,1.75,0.0794031468829401,3,-0.24066282671439,3,-0.790211400344042
"727","sub-0755",23.5,"male","high",5,1,-1.17542691205401,4,0.530097854191498,4,-0.190592993578915
"728","sub-0756",21,"female","high",6,1.5,-0.338873539429378,5,1.30085853509739,6,1.00864381995134
"729","sub-0757",25.5,"male","high",5.5,1.5,-0.338873539429378,4,0.530097854191498,3.33333333333333,-0.590338598089
"730","sub-0758",21.75,"female","high",4,1.75,0.0794031468829401,1,-1.78218418852617,1.33333333333333,-1.78957541161925
"731","sub-0759",20.75,"male","high",5,2,0.497679833195258,3,-0.24066282671439,1,-1.98944821387429
"732","sub-0760",25.5,"male","medium",2,2,0.497679833195258,4,0.530097854191498,4,-0.190592993578915
"733","sub-0761",21.5,"male","medium",5,1.75,0.0794031468829401,1,-1.78218418852617,5.33333333333333,0.608898215441253
"734","sub-0762",25.25,"female","low",2,1,-1.17542691205401,4,0.530097854191498,2,-1.38982980710917
"735","sub-0763",25.5,"female","high",4,1.5,-0.338873539429378,5,1.30085853509739,3.33333333333333,-0.590338598089
"736","sub-0764",23.5,"female","medium",3.5,1.25,-0.757150225741696,3,-0.24066282671439,6,1.00864381995134
"737","sub-0765",21.5,"female","high",5,1.25,-0.757150225741696,2,-1.01142350762028,1.33333333333333,-1.78957541161925
"738","sub-0766",22.5,"female","high",4,2.25,0.915956519507576,5,1.30085853509739,3,-0.790211400344042
"739","sub-0767",25.25,"male","medium",2,1.5,-0.338873539429378,5,1.30085853509739,3.66666666666667,-0.390465795833958
"740","sub-0768",24.25,"male","medium",3,2.5,1.33423320581989,3,-0.24066282671439,3.33333333333333,-0.590338598089
"741","sub-0769",20.25,"female","high",5.5,2.5,1.33423320581989,4,0.530097854191498,1,-1.98944821387429
"742","sub-0770",24.5,"female","high",6,1.75,0.0794031468829401,4,0.530097854191498,2.66666666666667,-0.990084202599084
"743","sub-0771",20.75,"male","medium",4.5,3.5,3.00733995106917,4,0.530097854191498,6,1.00864381995134
"744","sub-0772",20,"female","medium",2.5,2,0.497679833195258,4,0.530097854191498,1,-1.98944821387429
"745","sub-0773",26,"female","high",4,1.25,-0.757150225741696,6,2.07161921600328,2,-1.38982980710917
"746","sub-0774",20.5,"female","medium",4,1.25,-0.757150225741696,4,0.530097854191498,5.33333333333333,0.608898215441253
"747","sub-0775",20.75,"female","medium",4,1,-1.17542691205401,4,0.530097854191498,1.66666666666667,-1.58970260936421
"748","sub-0776",21.75,"male","high",5,2.25,0.915956519507576,4,0.530097854191498,3.66666666666667,-0.390465795833958
"749","sub-0777",24.5,"female","high",4,1.5,-0.338873539429378,3,-0.24066282671439,2.66666666666667,-0.990084202599084
"750","sub-0778",24.25,"male","high",3.5,3.75,3.42561663738148,3,-0.24066282671439,4.66666666666667,0.209152610931169
"751","sub-0779",21.5,"male","medium",2,1.5,-0.338873539429378,4,0.530097854191498,2.33333333333333,-1.18995700485413
"752","sub-0780",21,"male","high",5,1.5,-0.338873539429378,5,1.30085853509739,3.33333333333333,-0.590338598089
"753","sub-0781",24.75,"male","low",4,1.25,-0.757150225741696,2,-1.01142350762028,5.33333333333333,0.608898215441253
"754","sub-0782",22.5,"male","high",3,1.5,-0.338873539429378,2,-1.01142350762028,5.66666666666667,0.808771017696296
"755","sub-0783",25,"male","high",4,1.75,0.0794031468829401,1,-1.78218418852617,6,1.00864381995134
"756","sub-0784",22,"female","medium",3,1.5,-0.338873539429378,4,0.530097854191498,3.66666666666667,-0.390465795833958
"757","sub-0785",25,"female","high",3,2,0.497679833195258,6,2.07161921600328,6,1.00864381995134
"758","sub-0786",23.5,"male","medium",3,2.75,1.75250989213221,4,0.530097854191498,5.33333333333333,0.608898215441253
"759","sub-0787",20.5,"male","medium",4.5,1.75,0.0794031468829401,4,0.530097854191498,1,-1.98944821387429
"760","sub-0788",23,"female","medium",4.5,1.5,-0.338873539429378,4,0.530097854191498,2.66666666666667,-0.990084202599084
"761","sub-0789",23,"male","medium",3,1.5,-0.338873539429378,3,-0.24066282671439,5.33333333333333,0.608898215441253
"762","sub-0790",22.75,"female","high",5,1.75,0.0794031468829401,3,-0.24066282671439,5,0.409025413186211
"763","sub-0791",22.25,"female","high",4,1.5,-0.338873539429378,3,-0.24066282671439,2.33333333333333,-1.18995700485413
"764","sub-0792",21.5,"female","high",6,2.75,1.75250989213221,3,-0.24066282671439,6,1.00864381995134
"765","sub-0793",21.5,"female","high",5,1.75,0.0794031468829401,5,1.30085853509739,4,-0.190592993578915
"766","sub-0794",24,"female","medium",2,1.25,-0.757150225741696,2,-1.01142350762028,5.66666666666667,0.808771017696296
"767","sub-0795",24,"female","high",4.5,1.25,-0.757150225741696,3,-0.24066282671439,2.66666666666667,-0.990084202599084
"768","sub-0796",22.25,"male","high",5.5,2.25,0.915956519507576,4,0.530097854191498,2,-1.38982980710917
"769","sub-0797",20.75,"female","high",3,1.5,-0.338873539429378,3,-0.24066282671439,6,1.00864381995134
"770","sub-0798",22.75,"male","medium",4.5,3,2.17078657844453,4,0.530097854191498,4,-0.190592993578915
"771","sub-0799",24,"male","high",5,1.25,-0.757150225741696,2,-1.01142350762028,4.66666666666667,0.209152610931169
"772","sub-0800",21.5,"female","high",5,1.25,-0.757150225741696,3,-0.24066282671439,6.33333333333333,1.20851662220638
"773","sub-0801",21.75,"female","high",6,1.25,-0.757150225741696,6,2.07161921600328,6.66666666666667,1.40838942446142
"774","sub-0802",23,"male","high",2,1.25,-0.757150225741696,4,0.530097854191498,6,1.00864381995134
"775","sub-0803",20.25,"male","medium",3,3.5,3.00733995106917,4,0.530097854191498,4,-0.190592993578915
"776","sub-0804",20.5,"female","medium",4.5,3.75,3.42561663738148,6,2.07161921600328,1.66666666666667,-1.58970260936421
"777","sub-0805",24.75,"female","high",5,1.75,0.0794031468829401,2,-1.01142350762028,6.33333333333333,1.20851662220638
"778","sub-0806",25.25,"female","high",3,1.5,-0.338873539429378,4,0.530097854191498,2.33333333333333,-1.18995700485413
"779","sub-0807",26,"female","high",5,2.75,1.75250989213221,3,-0.24066282671439,4,-0.190592993578915
"780","sub-0808",26,"male","medium",2,1.25,-0.757150225741696,3,-0.24066282671439,4,-0.190592993578915
"781","sub-0809",22.75,"female","medium",3,2,0.497679833195258,2,-1.01142350762028,4.33333333333333,0.00927980867612666
"782","sub-0810",20.25,"male","medium",3,1.25,-0.757150225741696,3,-0.24066282671439,4,-0.190592993578915
"783","sub-0811",23.75,"female","medium",2,1.5,-0.338873539429378,3,-0.24066282671439,4,-0.190592993578915
"784","sub-0812",22.5,"male","medium",6,1.25,-0.757150225741696,5,1.30085853509739,5.66666666666667,0.808771017696296
"785","sub-0813",25,"male","medium",5,1.75,0.0794031468829401,4,0.530097854191498,5.33333333333333,0.608898215441253
"786","sub-0814",23.25,"female","high",4,1.75,0.0794031468829401,1,-1.78218418852617,7,1.60826222671646
"787","sub-0815",21.5,"female","low",2,1.5,-0.338873539429378,5,1.30085853509739,5.66666666666667,0.808771017696296
"788","sub-0816",21,"male","high",5,1,-1.17542691205401,7,2.84237989690916,1,-1.98944821387429
"789","sub-0817",21.75,"female","high",4,1,-1.17542691205401,1,-1.78218418852617,6.33333333333333,1.20851662220638
"790","sub-0818",22.75,"female","medium",2.5,1.25,-0.757150225741696,2,-1.01142350762028,5.33333333333333,0.608898215441253
"791","sub-0819",21.25,"male","medium",2,1.5,-0.338873539429378,4,0.530097854191498,2.33333333333333,-1.18995700485413
"792","sub-0820",22.25,"female","low",3,1.5,-0.338873539429378,4,0.530097854191498,3.66666666666667,-0.390465795833958
"793","sub-0821",20.5,"male","medium",4.5,1,-1.17542691205401,4,0.530097854191498,3,-0.790211400344042
"794","sub-0822",22.5,"female","high",3,1.25,-0.757150225741696,4,0.530097854191498,4.33333333333333,0.00927980867612666
"795","sub-0823",24.5,"female","high",6,2,0.497679833195258,4,0.530097854191498,1.33333333333333,-1.78957541161925
"796","sub-0824",23,"female","high",4,1.75,0.0794031468829401,3,-0.24066282671439,2,-1.38982980710917
"797","sub-0825",23.5,"female","high",6,1.75,0.0794031468829401,3,-0.24066282671439,5,0.409025413186211
"798","sub-0826",20.5,"female","medium",3.5,1.5,-0.338873539429378,1,-1.78218418852617,4,-0.190592993578915
"799","sub-0827",25.25,"female","medium",3.5,2.5,1.33423320581989,4,0.530097854191498,6,1.00864381995134
"800","sub-0828",23.75,"male","medium",3.5,2.25,0.915956519507576,4,0.530097854191498,4,-0.190592993578915
"801","sub-0829",21.25,"male","medium",5,2.25,0.915956519507576,4,0.530097854191498,6.33333333333333,1.20851662220638
"802","sub-0830",25.25,"female","high",2,2,0.497679833195258,3,-0.24066282671439,4.33333333333333,0.00927980867612666
"803","sub-0831",25.5,"male","medium",4,2.25,0.915956519507576,4,0.530097854191498,3,-0.790211400344042
"804","sub-0832",23.5,"male","high",3.5,1,-1.17542691205401,1,-1.78218418852617,6.33333333333333,1.20851662220638
"805","sub-0833",21.25,"female","medium",3,2.25,0.915956519507576,5,1.30085853509739,5,0.409025413186211
"806","sub-0834",23,"female","medium",4.5,2.25,0.915956519507576,4,0.530097854191498,3.33333333333333,-0.590338598089
"807","sub-0835",22.25,"female","high",3.5,1.75,0.0794031468829401,5,1.30085853509739,1.33333333333333,-1.78957541161925
"808","sub-0836",21,"male","medium",4,1.5,-0.338873539429378,2,-1.01142350762028,6.33333333333333,1.20851662220638
"809","sub-0837",24.5,"male","high",2,1,-1.17542691205401,5,1.30085853509739,1,-1.98944821387429
"810","sub-0838",25.25,"male","high",2,2.75,1.75250989213221,4,0.530097854191498,3,-0.790211400344042
"811","sub-0839",23.75,"female","high",4.5,1.5,-0.338873539429378,4,0.530097854191498,4.66666666666667,0.209152610931169
"812","sub-0840",25.75,"male","high",5,1.75,0.0794031468829401,4,0.530097854191498,2,-1.38982980710917
"813","sub-0841",22.75,"male","high",3.5,1.5,-0.338873539429378,3,-0.24066282671439,4.66666666666667,0.209152610931169
"814","sub-0842",23.75,"male","high",5,1.5,-0.338873539429378,3,-0.24066282671439,4,-0.190592993578915
"815","sub-0843",21.75,"female","high",3,1.5,-0.338873539429378,4,0.530097854191498,5.33333333333333,0.608898215441253
"816","sub-0844",23,"male","medium",4.5,2.5,1.33423320581989,4,0.530097854191498,2,-1.38982980710917
"817","sub-0845",21.75,"female","medium",4,1.75,0.0794031468829401,5,1.30085853509739,6.33333333333333,1.20851662220638
"818","sub-0846",24.25,"male","medium",2,3,2.17078657844453,4,0.530097854191498,6,1.00864381995134
"819","sub-0847",22,"female","medium",4,1.75,0.0794031468829401,3,-0.24066282671439,2.33333333333333,-1.18995700485413
"820","sub-0848",20.75,"male","high",3,1.75,0.0794031468829401,4,0.530097854191498,6.33333333333333,1.20851662220638
"821","sub-0849",24.25,"female","medium",2.5,2.5,1.33423320581989,4,0.530097854191498,2.66666666666667,-0.990084202599084
"822","sub-0850",25.25,"female","medium",4.5,2,0.497679833195258,3,-0.24066282671439,5.33333333333333,0.608898215441253
"823","sub-0851",20.5,"male","medium",4,1,-1.17542691205401,2,-1.01142350762028,4,-0.190592993578915
"824","sub-0852",23.5,"female","high",5,2.25,0.915956519507576,2,-1.01142350762028,5.33333333333333,0.608898215441253
"825","sub-0853",23,"male","high",4.5,2.75,1.75250989213221,1,-1.78218418852617,5,0.409025413186211
"826","sub-0854",25.5,"female","high",5,2.5,1.33423320581989,2,-1.01142350762028,6,1.00864381995134
"827","sub-0855",25.5,"female","high",4,1.5,-0.338873539429378,3,-0.24066282671439,5.66666666666667,0.808771017696296
"828","sub-0856",23.75,"male","medium",4,2.5,1.33423320581989,3,-0.24066282671439,2,-1.38982980710917
"829","sub-0857",22,"female","medium",2.5,1.5,-0.338873539429378,4,0.530097854191498,3.66666666666667,-0.390465795833958
"830","sub-0858",21.75,"female","medium",2,2.25,0.915956519507576,4,0.530097854191498,2.66666666666667,-0.990084202599084
"831","sub-0859",23.75,"female","medium",4,2,0.497679833195258,1,-1.78218418852617,7,1.60826222671646
"832","sub-0860",25.5,"female","high",6,1.5,-0.338873539429378,1,-1.78218418852617,7,1.60826222671646
"833","sub-0861",25.5,"male","high",2,1.75,0.0794031468829401,7,2.84237989690916,1.33333333333333,-1.78957541161925
"834","sub-0862",21.25,"female","medium",2.5,1.75,0.0794031468829401,5,1.30085853509739,1.33333333333333,-1.78957541161925
"835","sub-0863",21,"male","medium",4.5,2,0.497679833195258,4,0.530097854191498,4.33333333333333,0.00927980867612666
"836","sub-0864",21.25,"male","medium",5,2.25,0.915956519507576,4,0.530097854191498,5.33333333333333,0.608898215441253
"837","sub-0865",23.75,"male","medium",4,1.25,-0.757150225741696,5,1.30085853509739,3.66666666666667,-0.390465795833958
"838","sub-0866",22,"female","medium",5,2.5,1.33423320581989,4,0.530097854191498,2.66666666666667,-0.990084202599084
"839","sub-0867",23,"male","medium",4,1.5,-0.338873539429378,3,-0.24066282671439,4.66666666666667,0.209152610931169
"840","sub-0868",20.5,"female","high",3.5,1.25,-0.757150225741696,3,-0.24066282671439,4.33333333333333,0.00927980867612666
"841","sub-0869",21.5,"female","high",6,1.75,0.0794031468829401,4,0.530097854191498,4,-0.190592993578915
"842","sub-0870",21,"female","medium",3.5,1.5,-0.338873539429378,2,-1.01142350762028,3.33333333333333,-0.590338598089
"843","sub-0871",21.75,"female","high",5,2,0.497679833195258,4,0.530097854191498,1.33333333333333,-1.78957541161925
"844","sub-0872",21.5,"female","high",5,1,-1.17542691205401,4,0.530097854191498,2.66666666666667,-0.990084202599084
"845","sub-0873",22.75,"male","low",4,1,-1.17542691205401,4,0.530097854191498,4,-0.190592993578915
"846","sub-0874",23,"female","high",3.5,1.5,-0.338873539429378,4,0.530097854191498,2.33333333333333,-1.18995700485413
"847","sub-0875",24.25,"female","medium",4.5,1.75,0.0794031468829401,2,-1.01142350762028,4.66666666666667,0.209152610931169
"848","sub-0876",22.5,"female","high",5,1,-1.17542691205401,2,-1.01142350762028,6.66666666666667,1.40838942446142
"849","sub-0877",20.5,"male","medium",4.5,1.75,0.0794031468829401,2,-1.01142350762028,5.66666666666667,0.808771017696296
"850","sub-0878",23.25,"female","low",3.5,2,0.497679833195258,4,0.530097854191498,1.66666666666667,-1.58970260936421
"851","sub-0879",25.75,"male","medium",2,1.25,-0.757150225741696,2,-1.01142350762028,6.66666666666667,1.40838942446142
"852","sub-0880",25.75,"female","high",4,2,0.497679833195258,4,0.530097854191498,NA,NA
"853","sub-0881",23.5,"male","low",4,3.25,2.58906326475685,4,0.530097854191498,3,-0.790211400344042
"854","sub-0882",20.25,"female","medium",2.5,2.25,0.915956519507576,4,0.530097854191498,3,-0.790211400344042
"855","sub-0883",21.75,"female","high",5,1,-1.17542691205401,1,-1.78218418852617,5,0.409025413186211
"856","sub-0884",20.75,"female","medium",4.5,2,0.497679833195258,3,-0.24066282671439,3.33333333333333,-0.590338598089
"857","sub-0885",25,"male","high",4,1,-1.17542691205401,4,0.530097854191498,1,-1.98944821387429
"858","sub-0886",24.5,"female","medium",2.5,2.25,0.915956519507576,3,-0.24066282671439,4.66666666666667,0.209152610931169
"859","sub-0887",23.75,"male","medium",4,3,2.17078657844453,3,-0.24066282671439,3.33333333333333,-0.590338598089
"860","sub-0888",20.5,"female","high",5,2.25,0.915956519507576,3,-0.24066282671439,5.66666666666667,0.808771017696296
"861","sub-0889",21.25,"female","high",6,1,-1.17542691205401,3,-0.24066282671439,4.33333333333333,0.00927980867612666
"862","sub-0890",23.75,"female","high",4,3,2.17078657844453,4,0.530097854191498,3,-0.790211400344042
"863","sub-0891",22.5,"male","high",4,2,0.497679833195258,4,0.530097854191498,2.33333333333333,-1.18995700485413
"864","sub-0892",21.5,"male","medium",4,1,-1.17542691205401,1,-1.78218418852617,3,-0.790211400344042
"865","sub-0893",24,"female","medium",3,3,2.17078657844453,3,-0.24066282671439,3.33333333333333,-0.590338598089
"866","sub-0894",21.75,"male","medium",3.5,1,-1.17542691205401,3,-0.24066282671439,3.66666666666667,-0.390465795833958
"867","sub-0895",23,"male","high",5,2.5,1.33423320581989,6,2.07161921600328,1.66666666666667,-1.58970260936421
"868","sub-0896",20.75,"male","medium",2,1.5,-0.338873539429378,6,2.07161921600328,3.66666666666667,-0.390465795833958
"869","sub-0897",23,"male","high",5,1.5,-0.338873539429378,2,-1.01142350762028,3.66666666666667,-0.390465795833958
"870","sub-0898",23.25,"female","low",4.5,1.75,0.0794031468829401,7,2.84237989690916,1,-1.98944821387429
"871","sub-0899",25.75,"male","high",5,1.25,-0.757150225741696,6,2.07161921600328,5.33333333333333,0.608898215441253
"872","sub-0900",21.75,"male","high",4,3,2.17078657844453,3,-0.24066282671439,4.33333333333333,0.00927980867612666
"873","sub-0901",26,"female","medium",4.5,1.5,-0.338873539429378,3,-0.24066282671439,4,-0.190592993578915
"874","sub-0902",24,"female","medium",3.5,2.25,0.915956519507576,3,-0.24066282671439,5,0.409025413186211
"875","sub-0903",22.25,"male","medium",4,1.5,-0.338873539429378,4,0.530097854191498,3.33333333333333,-0.590338598089
"876","sub-0904",21.25,"female","high",4,1,-1.17542691205401,1,-1.78218418852617,4.66666666666667,0.209152610931169
"877","sub-0905",22.5,"male","medium",3.5,3.5,3.00733995106917,4,0.530097854191498,3,-0.790211400344042
"878","sub-0906",22,"male","medium",4,2.75,1.75250989213221,3,-0.24066282671439,5,0.409025413186211
"879","sub-0907",20.75,"female","high",3,2,0.497679833195258,6,2.07161921600328,5.66666666666667,0.808771017696296
"880","sub-0908",23.25,"female","high",4.5,2.75,1.75250989213221,3,-0.24066282671439,4.33333333333333,0.00927980867612666
"881","sub-0909",23,"male","high",4,3,2.17078657844453,4,0.530097854191498,1,-1.98944821387429
"882","sub-0910",24,"male","high",4,1.5,-0.338873539429378,3,-0.24066282671439,4,-0.190592993578915
"883","sub-0911",20.5,"male","medium",5,1.75,0.0794031468829401,3,-0.24066282671439,4,-0.190592993578915
"884","sub-0912",22,"male","high",4.5,1.25,-0.757150225741696,4,0.530097854191498,1.66666666666667,-1.58970260936421
"885","sub-0913",21.75,"male","high",6,2.75,1.75250989213221,4,0.530097854191498,4.66666666666667,0.209152610931169
"886","sub-0914",22.75,"female","high",3.5,1.25,-0.757150225741696,2,-1.01142350762028,6,1.00864381995134
"887","sub-0915",24.75,"male","low",3,1.75,0.0794031468829401,3,-0.24066282671439,6.66666666666667,1.40838942446142
"888","sub-0916",23.75,"male","medium",4,2,0.497679833195258,3,-0.24066282671439,3.66666666666667,-0.390465795833958
"889","sub-0917",20.5,"female","medium",4.5,1.25,-0.757150225741696,2,-1.01142350762028,4,-0.190592993578915
"890","sub-0918",25.75,"female","high",3,1.75,0.0794031468829401,3,-0.24066282671439,4.33333333333333,0.00927980867612666
"891","sub-0919",22.5,"female","low",3,2,0.497679833195258,4,0.530097854191498,4.33333333333333,0.00927980867612666
"892","sub-0920",20.75,"male","low",3.5,1.5,-0.338873539429378,3,-0.24066282671439,3,-0.790211400344042
"893","sub-0921",21.25,"female","medium",2,2,0.497679833195258,4,0.530097854191498,3.33333333333333,-0.590338598089
"894","sub-0922",21,"male","high",4,3.25,2.58906326475685,2,-1.01142350762028,3.66666666666667,-0.390465795833958
"895","sub-0923",21.75,"male","medium",3,1,-1.17542691205401,1,-1.78218418852617,5,0.409025413186211
"896","sub-0924",22.25,"male","medium",3,2.75,1.75250989213221,6,2.07161921600328,1.33333333333333,-1.78957541161925
"897","sub-0925",25.25,"male","medium",4,1.25,-0.757150225741696,3,-0.24066282671439,2.66666666666667,-0.990084202599084
"898","sub-0926",20.75,"male","high",2,1.75,0.0794031468829401,2,-1.01142350762028,5,0.409025413186211
"899","sub-0927",24.25,"female","medium",2.5,2,0.497679833195258,2,-1.01142350762028,5,0.409025413186211
"900","sub-0928",20.5,"male","high",5,2,0.497679833195258,4,0.530097854191498,5,0.409025413186211
